Tree.name,Species,Median_S_upper,Median_diff_upper,Species,Median_S_median,Median_diff_median,Species,Median_S_lower,Median_diff_lower,Summer_range,Diff_ratio_upper,Diff_ratio_median,Diff_ratio_lower
Abroscopus_albogularis,Rufous-faced Warbler,1030.5,-13.7,Rufous-faced Warbler,630,10,Rufous-faced Warbler,404.45,-209.95,626.05,-0.013294517,0.015873016,-0.519100012
Abroscopus_schisticeps,Black-faced Warbler,2722,-1936.6,Black-faced Warbler,2140,87,Black-faced Warbler,1654.8,779.975,1067.2,-0.71146216,0.040654206,0.471340948
Abroscopus_superciliaris,Yellow-bellied Warbler,1478.5,-1657.5,Yellow-bellied Warbler,618,-19.75,Yellow-bellied Warbler,293.55,118.675,1184.95,-1.121068651,-0.031957929,0.404275251
Aceros_nipalensis,Rufous-necked Hornbill,1993.4,36.175,Rufous-necked Hornbill,1335,253.5,Rufous-necked Hornbill,266.5,-171.475,1726.9,0.018147386,0.18988764,-0.643433396
Aceros_undulatus,Wreathed Hornbill,730.05,-436,Wreathed Hornbill,163.75,-64.25,Wreathed Hornbill,137.05,22.6,593,-0.597219369,-0.392366412,0.16490332
Acridotheres_fuscus,Jungle Myna,1425,0,Jungle Myna,981,-363,Jungle Myna,45.4,-55.5,1379.6,0,-0.370030581,-1.22246696
Acridotheres_grandis,Great Myna,947.85,-832.65,Great Myna,257,-2,Great Myna,128.3,42.8,819.55,-0.878461782,-0.007782101,0.333593141
Acridotheres_tristis,Common Myna,1734.625,-81.5,Common Myna,981,-86,Common Myna,96.325,-7.375,1638.3,-0.046984218,-0.087665647,-0.076563717
Actinodura_egertoni,Rusty-fronted Barwing,2483.8,20.45,Rusty-fronted Barwing,1823,29,Rusty-fronted Barwing,1106.3,443.45,1377.5,0.008233352,0.015907844,0.40084064
Actinodura_nipalensis,Hoary-throated Barwing,3140,197.4,Hoary-throated Barwing,2612.5,144.25,Hoary-throated Barwing,1731.8,17.4,1408.2,0.062866242,0.055215311,0.01004735
Aegithalos_concinnus,Black-throated Tit,2999.7,0,Black-throated Tit,1964.75,-40,Black-throated Tit,1372,275.95,1627.7,0,-0.020358824,0.201129738
Aegithalos_iouschistos,Black-browed Tit,3720.7,347.75,Black-browed Tit,2809,162,Black-browed Tit,2287.3,-80.075,1433.4,0.093463596,0.057671769,-0.035008525
Aegithina_tiphia,Common Iora,1529.2,137.675,Common Iora,210,-65,Common Iora,75.3,-25.9,1453.9,0.090030735,-0.30952381,-0.343957503
Aethopyga_ignicauda,Fire-tailed Sunbird,4129.65,561.8,Fire-tailed Sunbird,3143,1186,Fire-tailed Sunbird,1496.6,161.8,2633.05,0.136040585,0.377346484,0.10811172
Aethopyga_nipalensis,Green-tailed Sunbird,3310,633,Green-tailed Sunbird,2474,721.5,Green-tailed Sunbird,1739,784.1,1571,0.191238671,0.291632983,0.450891317
Aethopyga_saturata,Black-throated Sunbird,2405.575,387.9,Black-throated Sunbird,1556,879.5,Black-throated Sunbird,384.5,49.625,2021.075,0.161250429,0.565231362,0.129063719
Aethopyga_siparaja,Crimson Sunbird,1559.75,105.925,Crimson Sunbird,936,123,Crimson Sunbird,178.525,27.625,1381.225,0.067911524,0.131410256,0.154740232
Alcippe_castaneceps,Rufous-winged Fulvetta,3137,460.9,Rufous-winged Fulvetta,2255,495,Rufous-winged Fulvetta,1648.3,1028.3,1488.7,0.146923813,0.219512195,0.623854881
Alcippe_nipalensis,Nepal Fulvetta,2111.05,55.4,Nepal Fulvetta,993.5,133,Nepal Fulvetta,413,-108.575,1698.05,0.026242865,0.133870156,-0.262893462
Alcippe_vinipectus,White-browed Fulvetta,3692.1,163.9,White-browed Fulvetta,2928,135,White-browed Fulvetta,2123.2,-4.225,1568.9,0.04439208,0.046106557,-0.001989921
Alophoixus_flaveolus,White-throated Bulbul,1067,-666.85,White-throated Bulbul,590,-16,White-throated Bulbul,142,0,925,-0.62497657,-0.027118644,0
Anthracoceros_albirostris,Oriental Pied-Hornbill,490.5,-2.825,Oriental Pied-Hornbill,187,18.75,Oriental Pied-Hornbill,104.5,10.55,386,-0.005759429,0.10026738,0.100956938
Anthus_hodgsoni,Olive-backed Pipit,3642.8,752.8,Olive-backed Pipit,2306,768.5,Olive-backed Pipit,363,209.95,3279.8,0.206654222,0.333261058,0.578374656
Anthus_rufulus,Paddyfield Pipit,1622,112.5,Paddyfield Pipit,783,533,Paddyfield Pipit,106.05,6.225,1515.95,0.069358816,0.680715198,0.058698727
Arachnothera_magna,Streaked Spiderhunter,2082.55,343.55,Streaked Spiderhunter,815,201,Streaked Spiderhunter,185.15,43.575,1897.4,0.164966027,0.246625767,0.235349716
Arborophila_torqueola,Hill Partridge,3389,675.675,Hill Partridge,2453,561.5,Hill Partridge,1739,0,1650,0.199372971,0.228903384,0
Athene_brama,Spotted Owlet,1425,0,Spotted Owlet,1425,0,Spotted Owlet,152.15,28.2,1272.85,0,0,0.185343411
Blythipicus_pyrrhotis,Bay Woodpecker,2472.65,60.8,Bay Woodpecker,1739,0,Bay Woodpecker,587.1,8.625,1885.55,0.024589004,0,0.014690853
Buceros_bicornis,Great Hornbill,997.8,-42,Great Hornbill,386.25,114.75,Great Hornbill,142,0,855.8,-0.042092604,0.297087379,0
Carduelis_spinoides,Yellow-breasted Greenfinch,3145.7,399.2,Yellow-breasted Greenfinch,2448,496,Yellow-breasted Greenfinch,1298.175,331.4,1847.525,0.126903392,0.202614379,0.255281453
Carpodacus_nipalensis,Dark-breasted Rosefinch,4209.35,507,Dark-breasted Rosefinch,3122.75,821.75,Dark-breasted Rosefinch,1812.425,146,2396.925,0.12044615,0.263149468,0.080555057
Carpodacus_thura,Himalayan White-browed Rosefinch,4217,235.35,Himalayan White-browed Rosefinch,3722,276,Himalayan White-browed Rosefinch,3123.2,536.7,1093.8,0.055809817,0.074153681,0.171842982
Celeus_brachyurus,Rufous Woodpecker,1425,0,Rufous Woodpecker,1353,733,Rufous Woodpecker,294.5,163.225,1130.5,0,0.541759054,0.554244482
Centropus_sinensis,Greater Coucal,1425,73.65,Greater Coucal,806,602,Greater Coucal,88.8,-0.6,1336.2,0.051684211,0.746898263,-0.006756757
Chaimarrornis_leucocephalus,White-capped Redstart,4167.95,1297.575,White-capped Redstart,2262,682.25,White-capped Redstart,339.4,117.2,3828.55,0.311322113,0.301613616,0.345315262
Chelidorhynx_hypoxantha,Yellow-bellied Fairy-Fantail,3445.4,751.525,Yellow-bellied Fairy-Fantail,2163,935.75,Yellow-bellied Fairy-Fantail,515,188.7,2930.4,0.218124166,0.432616736,0.366407767
Chloropsis_aurifrons,Golden-fronted Leafbird,1023.2,-635.1,Golden-fronted Leafbird,288,79,Golden-fronted Leafbird,101.5,14.8,921.7,-0.620699765,0.274305556,0.145812808
Chloropsis_hardwickii,Orange-bellied Leafbird,1905.15,-312.65,Orange-bellied Leafbird,918.75,-75,Orange-bellied Leafbird,251.9,51.2,1653.25,-0.164107813,-0.081632653,0.20325526
Chrysocolaptes_lucidus,Greater Flameback,1096,88.8,Greater Flameback,232,55,Greater Flameback,118.4,9.1,977.6,0.081021898,0.237068966,0.076858108
Cinclidium_leucurum,White-tailed Robin,2512.55,675.7,White-tailed Robin,1739,1119,White-tailed Robin,1009.8,874.6,1502.75,0.268929972,0.64347326,0.866112101
Cissa_chinensis,Common Green-Magpie,1943.55,-82.275,Common Green-Magpie,931,76,Common Green-Magpie,262.6,5.6,1680.95,-0.04233233,0.081632653,0.021325209
Columba_leuconota,Snow Pigeon,4621.7,404.35,Snow Pigeon,3749.5,342.5,Snow Pigeon,2599,468.5,2022.7,0.087489452,0.091345513,0.180261639
Columba_livia,Rock Pigeon,3410.9,-287.25,Rock Pigeon,1425,7.5,Rock Pigeon,763,476.6,2647.9,-0.08421531,0.005263158,0.624639581
Copsychus_malabaricus,White-rumped Shama,579.275,-447.325,White-rumped Shama,244.5,75.25,White-rumped Shama,130.95,26.65,448.325,-0.772215269,0.307770961,0.203512791
Copsychus_saularis,Oriental Magpie-Robin,1584,-72.575,Oriental Magpie-Robin,981,0,Oriental Magpie-Robin,90,-20.575,1494,-0.045817551,0,-0.228611111
Coracina_macei,Large Cuckooshrike,1592,112,Large Cuckooshrike,799.5,182,Large Cuckooshrike,93.7,-17.9,1498.3,0.070351759,0.227642276,-0.191035219
Coracina_melaschistos,Black-winged Cuckooshrike,2652.7,1095.9,Black-winged Cuckooshrike,1425,910,Black-winged Cuckooshrike,414.5,297.3,2238.2,0.413126249,0.638596491,0.717249698
Corvus_macrorhynchos,Large-billed Crow,3666,130.5,Large-billed Crow,1425,0,Large-billed Crow,186.9,27.675,3479.1,0.035597381,0,0.148073836
Corvus_splendens,House Crow,2368.7,62.5,House Crow,1341,-9,House Crow,125.5,15.8,2243.2,0.026385781,-0.006711409,0.125896414
Cuculus_varius,Common Hawk-Cuckoo,1836,554.55,Common Hawk-Cuckoo,936,806.5,Common Hawk-Cuckoo,58.2,1.8,1777.8,0.302042484,0.861645299,0.030927835
Culicicapa_ceylonensis,Gray-headed Canary-Flycatcher,2572.3,865.025,Gray-headed Canary-Flycatcher,1739,987.5,Gray-headed Canary-Flycatcher,498.1,371.525,2074.2,0.336284648,0.567855089,0.745884361
Dendrocitta_formosae,Gray Treepie,2115.875,-191.65,Gray Treepie,1034,-379,Gray Treepie,415.25,-170.875,1700.625,-0.090577184,-0.366537718,-0.411499097
Dendrocitta_vagabunda,Rufous Treepie,1425,0,Rufous Treepie,536,225.5,Rufous Treepie,75,-10.8,1350,0,0.420708955,-0.144
Dendrocopos_canicapillus,Gray-capped Woodpecker,1692,-179.625,Gray-capped Woodpecker,369,-266.5,Gray-capped Woodpecker,121.5,17.325,1570.5,-0.106161348,-0.722222222,0.142592593
Dendrocopos_darjellensis,Darjeeling Woodpecker,3347,-98.4,Darjeeling Woodpecker,2677,785,Darjeeling Woodpecker,1739,181.35,1608,-0.029399462,0.2932387,0.104284071
Dendrocopos_macei,Fulvous-breasted Woodpecker,1803.1,302.75,Fulvous-breasted Woodpecker,930,84,Fulvous-breasted Woodpecker,80.95,-26.825,1722.15,0.167905274,0.090322581,-0.331377393
Dicaeum_ignipectus,Fire-breasted Flowerpecker,2613.05,271.025,Fire-breasted Flowerpecker,1818,79,Fire-breasted Flowerpecker,698.55,-162.875,1914.5,0.103719791,0.043454345,-0.233161549
Dicrurus_aeneus,Bronzed Drongo,1942.5,156.55,Bronzed Drongo,731,58.25,Bronzed Drongo,187.5,48.125,1755,0.080592021,0.079685363,0.256666667
Dicrurus_hottentottus,Hair-crested Drongo,1720,580.225,Hair-crested Drongo,786,462,Hair-crested Drongo,117.05,6,1602.95,0.337340116,0.58778626,0.051260145
Dicrurus_leucophaeus,Ashy Drongo,2677,791.8,Ashy Drongo,1454,642,Ashy Drongo,475.55,359.55,2201.45,0.295778857,0.441540578,0.756071917
Dicrurus_macrocercus,Black Drongo,1817.45,339.65,Black Drongo,981,286,Black Drongo,76.55,-6.5,1740.9,0.18688272,0.291539246,-0.084911822
Dicrurus_paradiseus,Greater Racket-tailed Drongo,1101.4,-380.75,Greater Racket-tailed Drongo,298.5,-55,Greater Racket-tailed Drongo,127,-11.4,974.4,-0.345696386,-0.184254606,-0.08976378
Dicrurus_remifer,Lesser Racket-tailed Drongo,1936.45,197.45,Lesser Racket-tailed Drongo,1595,906,Lesser Racket-tailed Drongo,171.7,29.15,1764.75,0.101964936,0.568025078,0.16977286
Ducula_badia,Mountain Imperial-Pigeon,2545.2,548.05,Mountain Imperial-Pigeon,977,547.25,Mountain Imperial-Pigeon,197.4,62.65,2347.8,0.21532689,0.56013306,0.317375887
Enicurus_maculatus,Spotted Forktail,2574.1,-528.5,Spotted Forktail,1776,-136,Spotted Forktail,948.5,284.7,1625.6,-0.205314479,-0.076576577,0.300158144
Enicurus_schistaceus,Slaty-backed Forktail,2153.5,-317.675,Slaty-backed Forktail,888.5,-20.5,Slaty-backed Forktail,297.575,43.125,1855.925,-0.147515672,-0.023072594,0.144921448
Enicurus_scouleri,Little Forktail,2763.6,-583.6,Little Forktail,1855.5,7.5,Little Forktail,399.15,111.55,2364.45,-0.211173831,0.004042037,0.279468871
Erpornis_zantholeuca,White-bellied Erpornis,2059.2,-72.05,White-bellied Erpornis,1053.5,400,White-bellied Erpornis,195.25,-382.95,1863.95,-0.034989316,0.379686758,-1.961331626
Eumyias_thalassinus,Verditer Flycatcher,2752.6,849.6,Verditer Flycatcher,1739,910,Verditer Flycatcher,678.85,583.3,2073.75,0.308653637,0.523289247,0.859247256
Ficedula_albicilla,Taiga Flycatcher,1445.5,0,Taiga Flycatcher,771,-282,Taiga Flycatcher,118.5,18.575,1327,0,-0.365758755,0.156751055
Ficedula_strophiata,Rufous-gorgeted Flycatcher,3607.2,1058.75,Rufous-gorgeted Flycatcher,2799,1060,Rufous-gorgeted Flycatcher,959.6,296.6,2647.6,0.293510202,0.378706681,0.30908712
Ficedula_tricolor,Slaty-blue Flycatcher,3382.45,746.75,Slaty-blue Flycatcher,2457,1025,Slaty-blue Flycatcher,582.5,331.7,2799.95,0.220771926,0.417175417,0.56944206
Ficedula_westermanni,Little Pied Flycatcher,2435,1057.125,Little Pied Flycatcher,1810,1433,Little Pied Flycatcher,498.5,381.55,1936.5,0.434137577,0.791712707,0.765396189
Gallus_gallus,Red Junglefowl,1103.8,-439.85,Red Junglefowl,205,8,Red Junglefowl,114.2,-0.6,989.6,-0.398487045,0.03902439,-0.00525394
Garrulax_affinis,Black-faced Laughingthrush,4041.8,121.575,Black-faced Laughingthrush,3140,157.5,Black-faced Laughingthrush,2140,392.9,1901.8,0.03007942,0.050159236,0.183598131
Garrulax_albogularis,White-throated Laughingthrush,3233,-63.85,White-throated Laughingthrush,2563,230,White-throated Laughingthrush,1680.15,180,1552.85,-0.019749459,0.089738588,0.107133292
Garrulax_caerulatus,Gray-sided Laughingthrush,2853.75,221.925,Gray-sided Laughingthrush,2121,199.75,Gray-sided Laughingthrush,1653.4,89.7,1200.35,0.077766097,0.094177275,0.054251845
Garrulax_erythrocephalus,Chestnut-crowned Laughingthrush,3146,140.65,Chestnut-crowned Laughingthrush,2501,141.25,Chestnut-crowned Laughingthrush,1739,94.45,1407,0.044707565,0.056477409,0.054312823
Garrulax_imbricatus,Bhutan Laughingthrush,3017,338.025,Bhutan Laughingthrush,2232,198,Bhutan Laughingthrush,1606.3,49.025,1410.7,0.112040106,0.088709677,0.030520451
Garrulax_leucolophus,White-crested Laughingthrush,1814,-227.05,White-crested Laughingthrush,987,4.5,White-crested Laughingthrush,444.6,-51.875,1369.4,-0.12516538,0.004559271,-0.116677913
Garrulax_monileger,Lesser Necklaced Laughingthrush,1507,108.825,Lesser Necklaced Laughingthrush,864.5,262,Lesser Necklaced Laughingthrush,265.7,123.7,1241.3,0.072213006,0.303065356,0.465562665
Garrulax_ocellatus,Spotted Laughingthrush,3434,-140,Spotted Laughingthrush,2843.5,-4.5,Spotted Laughingthrush,1760.15,-401,1673.85,-0.040768783,-0.001582557,-0.227821492
Garrulax_pectoralis,Greater Necklaced Laughingthrush,1576.8,-281.6,Greater Necklaced Laughingthrush,663,-24,Greater Necklaced Laughingthrush,178.45,24,1398.35,-0.178589548,-0.036199095,0.134491454
Garrulax_squamatus,Blue-winged Laughingthrush,2526.2,-489.55,Blue-winged Laughingthrush,1977.5,332,Blue-winged Laughingthrush,1359,698.8,1167.2,-0.19378909,0.167888748,0.514201619
Garrulax_striatus,Striated Laughingthrush,2771,50.55,Striated Laughingthrush,1989.25,236.5,Striated Laughingthrush,1209.025,-113.45,1561.975,0.018242512,0.118889029,-0.093835942
Garrulus_glandarius,Eurasian Jay,3140,138.9,Eurasian Jay,2616,78,Eurasian Jay,1821.7,-24.1,1318.3,0.044235669,0.029816514,-0.013229401
Glaucidium_brodiei,Collared Owlet,2839.35,41.2,Collared Owlet,1816.5,672,Collared Owlet,648.4,200.775,2190.95,0.014510363,0.369942197,0.309646823
Gracula_religiosa,Common Hill Myna,1052.2,-485.85,Common Hill Myna,232,44,Common Hill Myna,87.25,-7.675,964.95,-0.461746816,0.189655172,-0.087965616
Halcyon_smyrnensis,White-throated Kingfisher,1434.35,9.35,White-throated Kingfisher,981,186,White-throated Kingfisher,82.1,-6,1352.25,0.006518632,0.189602446,-0.073081608
Harpactes_erythrocephalus,Red-headed Trogon,2287.55,152.6,Red-headed Trogon,1278,565,Red-headed Trogon,360,96.8,1927.55,0.066708924,0.442097027,0.268888889
Hemipus_picatus,Bar-winged Flycatcher-shrike,2086.25,-51.25,Bar-winged Flycatcher-shrike,1035.25,192.25,Bar-winged Flycatcher-shrike,278.575,-93.375,1807.675,-0.024565608,0.185703936,-0.33518801
Hemixos_flavala,Ashy Bulbul,1723.7,65.15,Ashy Bulbul,695,58,Ashy Bulbul,216.2,52,1507.5,0.0377966,0.083453237,0.240518039
Heterophasia_capistrata,Rufous Sibia,2919.9,97.625,Rufous Sibia,2251,0,Rufous Sibia,1103.5,518.7,1816.4,0.033434364,0,0.470049841
Heterophasia_picaoides,Long-tailed Sibia,1739,0,Long-tailed Sibia,960,108.5,Long-tailed Sibia,433.5,-96.95,1305.5,0,0.113020833,-0.223644752
Heterophasia_pulchella,Beautiful Sibia,3046,581.75,Beautiful Sibia,2132,393,Beautiful Sibia,1377,-65.25,1669,0.190988181,0.184333959,-0.047385621
Hypsipetes_leucocephalus,Black Bulbul,2740.2,46,Black Bulbul,1656,62,Black Bulbul,346,114,2394.2,0.016787096,0.037439614,0.329479769
Hypsipetes_mcclellandii,Mountain Bulbul,2214.4,-201.65,Mountain Bulbul,1594,-145,Mountain Bulbul,483.65,-379.55,1730.75,-0.091063042,-0.090966123,-0.784761708
Lanius_schach,Long-tailed Shrike,2656,658.025,Long-tailed Shrike,1425,73,Long-tailed Shrike,194,88.4,2462,0.247750377,0.05122807,0.455670103
Lanius_tephronotus,Gray-backed Shrike,3459.1,911.3,Gray-backed Shrike,2357,1000.5,Gray-backed Shrike,242,107.95,3217.1,0.26345003,0.424480272,0.44607438
Leiothrix_argentauris,Silver-eared Mesia,1913.2,-27.75,Silver-eared Mesia,1001,374,Silver-eared Mesia,451.025,290.725,1462.175,-0.014504495,0.373626374,0.644587329
Leiothrix_lutea,Red-billed Leiothrix,2744.6,64.45,Red-billed Leiothrix,2042,77.75,Red-billed Leiothrix,1371.9,57.025,1372.7,0.023482475,0.038075416,0.041566441
Leucosticte_nemoricola,Plain Mountain-Finch,4339,183.5,Plain Mountain-Finch,3444,-130,Plain Mountain-Finch,2415.4,-179.9,1923.6,0.04229085,-0.037746806,-0.074480417
Liocichla_phoenicea,Red-faced Liocichla,2044.8,-4.4,Red-faced Liocichla,1690.5,-48.5,Red-faced Liocichla,703.1,-147.4,1341.7,-0.0021518,-0.028689737,-0.20964301
Lonchura_punctulata,Scaly-breasted Munia,1788.2,249.625,Scaly-breasted Munia,783,190.5,Scaly-breasted Munia,96.45,7.75,1691.75,0.139595683,0.243295019,0.080352514
Lonchura_striata,White-rumped Munia,1569,-199.9,White-rumped Munia,792,-174,White-rumped Munia,166,-65.2,1403,-0.127405991,-0.21969697,-0.392771084
Lophophorus_impejanus,Himalayan Monal,4037.15,294.9,Himalayan Monal,3510,94,Himalayan Monal,2722,-6.8,1315.15,0.07304658,0.026780627,-0.002498163
Lophura_leucomelanos,Kalij Pheasant,3235.85,-33.05,Kalij Pheasant,2075,-64.75,Kalij Pheasant,684.25,-17.1,2551.6,-0.0102137,-0.031204819,-0.024990866
Macronous_gularis,Pin-striped Tit-Babbler,726.6,32.35,Pin-striped Tit-Babbler,317,102.25,Pin-striped Tit-Babbler,130,-11.6,596.6,0.044522433,0.322555205,-0.089230769
Macropygia_unchall,Barred Cuckoo-Dove,2685.925,220.825,Barred Cuckoo-Dove,1736,45,Barred Cuckoo-Dove,289.65,-2.65,2396.275,0.082215624,0.025921659,-0.009148973
Megalaima_asiatica,Blue-throated Barbet,1596.35,-104.4,Blue-throated Barbet,960,310,Blue-throated Barbet,86,-23.225,1510.35,-0.065399192,0.322916667,-0.27005814
Megalaima_franklinii,Golden-throated Barbet,2359.5,-27.8,Golden-throated Barbet,1666,-73,Golden-throated Barbet,383.6,-79.5,1975.9,-0.011782157,-0.043817527,-0.207247132
Megalaima_haemacephala,Coppersmith Barbet,1295,-7,Coppersmith Barbet,936,650.5,Coppersmith Barbet,98,14.7,1197,-0.005405405,0.694978632,0.15
Megalaima_lineata,Lineated Barbet,520.45,54.025,Lineated Barbet,185,10,Lineated Barbet,76,-6.5,444.45,0.1038044,0.054054054,-0.085526316
Megalaima_virens,Great Barbet,2540,93.55,Great Barbet,1425,-73,Great Barbet,436.175,128,2103.825,0.036830709,-0.05122807,0.293460194
Melanochlora_sultanea,Sultan Tit,1916.5,177.5,Sultan Tit,993,191.5,Sultan Tit,226.15,84.15,1690.35,0.092616749,0.19284995,0.372098165
Merops_orientalis,Green Bee-eater,566.1,197.2,Green Bee-eater,165.5,-21,Green Bee-eater,83.85,3.9,482.25,0.348348348,-0.126888218,0.046511628
Minla_cyanouroptera,Blue-winged Minla,2554.6,372.575,Blue-winged Minla,1764.5,300.5,Blue-winged Minla,714,427.9,1840.6,0.145844751,0.170303202,0.59929972
Minla_ignotincta,Red-tailed Minla,3116,526.625,Red-tailed Minla,2074,335,Red-tailed Minla,996.85,342.275,2119.15,0.169006739,0.161523626,0.343356573
Minla_strigula,Chestnut-tailed Minla,3390.2,666.45,Chestnut-tailed Minla,2677,453.75,Chestnut-tailed Minla,1739,205.35,1651.2,0.196581323,0.16949944,0.118085106
Monticola_rufiventris,Chestnut-bellied Rock-Thrush,3434,583.925,Chestnut-bellied Rock-Thrush,2501,931,Chestnut-bellied Rock-Thrush,1250.375,908.2,2183.625,0.170042225,0.3722511,0.726342097
Monticola_solitarius,Blue Rock-Thrush,2642.45,423.875,Blue Rock-Thrush,906,325.5,Blue Rock-Thrush,166,46.275,2476.45,0.160409847,0.359271523,0.27876506
Myophonus_caeruleus,Blue Whistling-Thrush,3269.1,192.775,Blue Whistling-Thrush,1974,210.75,Blue Whistling-Thrush,555.95,237.3,2713.15,0.058968829,0.106762918,0.426836946
Nectarinia_asiatica,Purple Sunbird,1252.6,-410.6,Purple Sunbird,981,731,Purple Sunbird,85.6,5.5,1167,-0.32779818,0.745158002,0.064252336
Niltava_grandis,Large Niltava,2440.2,107.675,Large Niltava,1783,68.25,Large Niltava,806.85,627.85,1633.35,0.044125482,0.038278183,0.778149594
Niltava_macgrigoriae,Small Niltava,2356.75,557.45,Small Niltava,1586,772.5,Small Niltava,389.8,247.575,1966.95,0.236533362,0.487074401,0.635133402
Niltava_sundara,Rufous-bellied Niltava,2929.4,209.175,Rufous-bellied Niltava,1993,1103,Rufous-bellied Niltava,735.8,546.9,2193.6,0.071405407,0.55343703,0.743272628
Nucifraga_caryocatactes,Eurasian Nutcracker,3722,121.4,Eurasian Nutcracker,3022,125.5,Eurasian Nutcracker,2443,145.35,1279,0.032616873,0.041528789,0.059496521
Nyctyornis_athertoni,Blue-bearded Bee-eater,1839.6,793,Blue-bearded Bee-eater,649.5,281,Blue-bearded Bee-eater,137.5,9.6,1702.1,0.431071972,0.432640493,0.069818182
Oriolus_traillii,Maroon Oriole,2677,371.275,Maroon Oriole,1640.5,1107.25,Maroon Oriole,232.2,113.15,2444.8,0.138690699,0.674946663,0.487295435
Oriolus_xanthornus,Black-hooded Oriole,536,35.325,Black-hooded Oriole,150,-22,Black-hooded Oriole,44,-29.6,492,0.065904851,-0.146666667,-0.672727273
Orthotomus_sutorius,Common Tailorbird,1551.325,-60.375,Common Tailorbird,981,0,Common Tailorbird,137,16.825,1414.325,-0.038918344,0,0.122810219
Otus_lettia,Collared Scops-Owl,1425,-31.5,Collared Scops-Owl,1425,0,Collared Scops-Owl,638.75,-99.75,786.25,-0.022105263,0,-0.156164384
Otus_spilocephalus,Mountain Scops-Owl,2474,55.8,Mountain Scops-Owl,1837,889,Mountain Scops-Owl,676.1,193.275,1797.9,0.022554568,0.483941208,0.285867475
Paradoxornis_unicolor,Brown Parrotbill,3269.7,54.9,Brown Parrotbill,2677,7,Brown Parrotbill,2416.4,-11,853.3,0.016790531,0.002614867,-0.004552226
Parus_ater,Coal Tit,3892.75,-80.3,Coal Tit,3266.5,-153,Coal Tit,2641.65,62.05,1251.1,-0.020628091,-0.046839124,0.023489107
Parus_dichrous,Gray-crested Tit,3807.9,-80.775,Gray-crested Tit,3331.5,-57.5,Gray-crested Tit,2677,-25.7,1130.9,-0.021212479,-0.017259493,-0.009600299
Parus_major,Cinereous Tit,1713.8,164.3,Cinereous Tit,837,34,Cinereous Tit,111.65,9.7,1602.15,0.09586883,0.040621266,0.086878639
Parus_monticolus,Green-backed Tit,3137,172.975,Green-backed Tit,2252,-18.5,Green-backed Tit,962.9,-109.65,2174.1,0.055140261,-0.00821492,-0.113874753
Parus_rubidiventris,Rufous-vented Tit,3994.45,141.75,Rufous-vented Tit,3447,45,Rufous-vented Tit,2805.7,67.975,1188.75,0.035486738,0.01305483,0.024227466
Parus_spilonotus,Yellow-cheeked Tit,2575.8,97.6,Yellow-cheeked Tit,2002,124,Yellow-cheeked Tit,1287.05,485.95,1288.75,0.037891141,0.061938062,0.377568859
Parus_xanthogenys,Himalayan Black-lored Tit,2328,-242.25,Himalayan Black-lored Tit,1417,30.5,Himalayan Black-lored Tit,714,92.8,1614,-0.104059278,0.021524347,0.129971989
Passer_domesticus,House Sparrow,1854,238.975,House Sparrow,981,-339,House Sparrow,121.7,4.15,1732.3,0.12889698,-0.345565749,0.034100247
Passer_montanus,Eurasian Tree Sparrow,2674.375,-173.225,Eurasian Tree Sparrow,1425,0,Eurasian Tree Sparrow,402.75,-107.225,2271.625,-0.064772143,0,-0.266232154
Passer_rutilans,Russet Sparrow,3185.325,45.8,Russet Sparrow,2357,21,Russet Sparrow,1402,-146.875,1783.325,0.014378439,0.008909631,-0.104761056
Pavo_cristatus,Indian Peafowl,602.025,-267.775,Indian Peafowl,187,-5.5,Indian Peafowl,93.5,-3.375,508.525,-0.444790499,-0.029411765,-0.036096257
Pellorneum_ruficeps,Puff-throated Babbler,1402,375.8,Puff-throated Babbler,469,255,Puff-throated Babbler,151.9,9.9,1250.1,0.268045649,0.543710021,0.065174457
Pericrocotus_ethologus,Long-tailed Minivet,3434,585.075,Long-tailed Minivet,1836.75,605,Long-tailed Minivet,548.75,405.4,2885.25,0.170377111,0.329386144,0.738769932
Pericrocotus_flammeus,Scarlet Minivet,2710.4,736.55,Scarlet Minivet,1016,353,Scarlet Minivet,186.6,67.225,2523.8,0.271749557,0.347440945,0.360262594
Pericrocotus_solaris,Gray-chinned Minivet,2656,468.1,Gray-chinned Minivet,1713,547,Gray-chinned Minivet,618.775,65.725,2037.225,0.17624247,0.319322825,0.106217931
Phaenicophaeus_tristis,Green-billed Malkoha,1687.3,-27.45,Green-billed Malkoha,640,-178.5,Green-billed Malkoha,138.7,0.5,1548.6,-0.016268595,-0.27890625,0.003604903
Phoenicurus_frontalis,Blue-fronted Redstart,4217,932.45,Blue-fronted Redstart,2805,417,Blue-fronted Redstart,1522,268.675,2695,0.221116908,0.148663102,0.176527595
Phylloscopus_affinis,Tickell's Leaf Warbler,3782.55,307.65,Tickell's Leaf Warbler,2145,686.25,Tickell's Leaf Warbler,332.125,235.1,3450.425,0.081334021,0.31993007,0.707866014
Phylloscopus_chloronotus,Lemon-rumped Warbler,3611,725.1,Lemon-rumped Warbler,2546,613.5,Lemon-rumped Warbler,1264.25,491.75,2346.75,0.200803102,0.240966222,0.38896579
Phylloscopus_humei,Hume's Warbler,2814.5,920.625,Hume's Warbler,1425,0,Hume's Warbler,577.725,87.2,2236.775,0.327100728,0,0.150936864
Phylloscopus_maculipennis,Ashy-throated Warbler,3439.5,646.85,Ashy-throated Warbler,2574.75,511,Ashy-throated Warbler,1636.975,671.05,1802.525,0.188065126,0.19846587,0.409932956
Phylloscopus_pulcher,Buff-barred Warbler,4116,1371.1,Buff-barred Warbler,2847,946,Buff-barred Warbler,1175.05,508.825,2940.95,0.333114674,0.332279593,0.433024127
Phylloscopus_reguloides,Blyth's Leaf Warbler,3250.4,544.75,Blyth's Leaf Warbler,2425,686,Blyth's Leaf Warbler,1422.65,1276,1827.75,0.167594758,0.282886598,0.896917724
Phylloscopus_trochiloides,Greenish Warbler,4116,2076.45,Greenish Warbler,1667.5,1007,Greenish Warbler,126.6,33.4,3989.4,0.504482507,0.603898051,0.263823065
Phylloscopus_xanthoschistos,Gray-hooded Warbler,2421.575,-224.9,Gray-hooded Warbler,1461,-83.75,Gray-hooded Warbler,693.2,-110.875,1728.375,-0.09287344,-0.057323751,-0.159946624
Picus_canus,Gray-headed Woodpecker,1891.6,-404.375,Gray-headed Woodpecker,1186,325.5,Gray-headed Woodpecker,209.625,1.075,1681.975,-0.213774054,0.274451939,0.005128205
Picus_chlorolophus,Lesser Yellownape,1954.2,238.25,Lesser Yellownape,802,-11,Lesser Yellownape,158.6,24,1795.6,0.121916897,-0.013715711,0.151324086
Picus_flavinucha,Greater Yellownape,2169.525,125.575,Greater Yellownape,970.5,150.75,Greater Yellownape,163.75,22.45,2005.775,0.057881333,0.155332303,0.137099237
Pnoepyga_albiventer,Scaly-breasted Cupwing,3478.95,569.5,Scaly-breasted Cupwing,2463,620,Scaly-breasted Cupwing,1412,533.25,2066.95,0.163698817,0.251725538,0.377655807
Pnoepyga_pusilla,Pygmy Cupwing,2713,533.8,Pygmy Cupwing,2046,1216,Pygmy Cupwing,798.9,603.8,1914.1,0.196756358,0.594330401,0.75578921
Pomatorhinus_erythrogenys,Rusty-cheeked Scimitar-Babbler,1903.8,-82.35,Rusty-cheeked Scimitar-Babbler,1425,0,Rusty-cheeked Scimitar-Babbler,767,-46,1136.8,-0.043255594,0,-0.059973924
Pomatorhinus_ruficollis,Streak-breasted Scimitar-Babbler,3050.85,258.85,Streak-breasted Scimitar-Babbler,2367,34.25,Streak-breasted Scimitar-Babbler,1665,27.65,1385.85,0.084845207,0.014469793,0.016606607
Pomatorhinus_schisticeps,White-browed Scimitar-Babbler,2555.95,706.075,White-browed Scimitar-Babbler,960.5,162,White-browed Scimitar-Babbler,437.95,269.45,2118,0.276247579,0.168662155,0.615252883
Prinia_crinigera,Striated Prinia,1810.7,-757.75,Striated Prinia,1084.5,-291.5,Striated Prinia,611,23.375,1199.7,-0.418484564,-0.26878746,0.038256956
Prunella_collaris,Alpine Accentor,5051.4,-127.9,Alpine Accentor,4166,313,Alpine Accentor,2705.5,281.125,2345.9,-0.025319713,0.075132021,0.103908704
Prunella_strophiata,Rufous-breasted Accentor,4104,674.05,Rufous-breasted Accentor,2738,186.5,Rufous-breasted Accentor,1805.3,47.2,2298.7,0.164242203,0.068115413,0.026145239
Psarisomus_dalhousiae,Long-tailed Broadbill,1845.6,93.5,Long-tailed Broadbill,926.5,207,Long-tailed Broadbill,349.75,204.1,1495.85,0.050661032,0.223421479,0.583559685
Psittacula_alexandri,Red-breasted Parakeet,440.3,-21.35,Red-breasted Parakeet,172,6,Red-breasted Parakeet,76,-5.4,364.3,-0.048489666,0.034883721,-0.071052632
Psittacula_krameri,Rose-ringed Parakeet,1457.5,4.5,Rose-ringed Parakeet,1344,-9,Rose-ringed Parakeet,90,-17,1367.5,0.003087479,-0.006696429,-0.188888889
Pycnonotus_cafer,Red-vented Bulbul,1979,31.65,Red-vented Bulbul,981,72,Red-vented Bulbul,99,-12,1880,0.015992926,0.073394495,-0.121212121
Pycnonotus_jocosus,Red-whiskered Bulbul,1221.6,303.275,Red-whiskered Bulbul,211,-31,Red-whiskered Bulbul,82.45,-10,1139.15,0.248260478,-0.146919431,-0.121285628
Pycnonotus_leucogenys,Himalayan Bulbul,1977.625,-262.825,Himalayan Bulbul,981,0,Himalayan Bulbul,440,33,1537.625,-0.132899311,0,0.075
Pycnonotus_melanicterus,Black-crested Bulbul,880.75,-246.1,Black-crested Bulbul,360,60,Black-crested Bulbul,127.8,10.325,752.95,-0.279420948,0.166666667,0.080790297
Pycnonotus_striatus,Striated Bulbul,2695,231.55,Striated Bulbul,1910,171,Striated Bulbul,1282,205.9,1413,0.085918367,0.089528796,0.160608424
Pyrrhocorax_pyrrhocorax,Red-billed Chough,4326.1,100.625,Red-billed Chough,2962,114,Red-billed Chough,2262,23.775,2064.1,0.02325998,0.038487508,0.01051061
Pyrrhula_erythrocephala,Red-headed Bullfinch,3884.75,41.225,Red-headed Bullfinch,3140,160.5,Red-headed Bullfinch,1991.25,-191.4,1893.5,0.010612008,0.05111465,-0.096120527
Rhipidura_albicollis,White-throated Fantail,2652,332.6,White-throated Fantail,1744.5,1119,White-throated Fantail,118.9,-15.75,2533.1,0.125414781,0.64144454,-0.132464256
Rhyacornis_fuliginosa,Plumbeous Redstart,2838.7,233.6,Plumbeous Redstart,2207,655,Plumbeous Redstart,420.575,187.4,2418.125,0.08229119,0.296782963,0.445580455
Saxicola_caprata,Pied Bushchat,1574.2,40.325,Pied Bushchat,1336.25,101.25,Pied Bushchat,163.6,58.1,1410.6,0.025616186,0.075771749,0.355134474
Saxicola_ferreus,Gray Bushchat,3137,798.95,Gray Bushchat,2219,618.5,Gray Bushchat,1197,872.475,1940,0.254686006,0.278729157,0.728884712
Saxicola_torquatus,Siberian Stonechat,2309,525,Siberian Stonechat,583,169.5,Siberian Stonechat,104,12.1,2205,0.227371156,0.290737564,0.116346154
Seicercus_affinis,White-spectacled Warbler,2488.175,387,White-spectacled Warbler,1739,0,White-spectacled Warbler,1176.9,196.825,1311.275,0.155535684,0,0.167240207
Seicercus_castaniceps,Chestnut-crowned Warbler,2724.1,185.05,Chestnut-crowned Warbler,2089,356.5,Chestnut-crowned Warbler,981,361,1743.1,0.067930693,0.170655816,0.367991845
Seicercus_poliogenys,Gray-cheeked Warbler,2487.5,-3,Gray-cheeked Warbler,1784,374.5,Gray-cheeked Warbler,1029.55,680.05,1457.95,-0.00120603,0.209921525,0.6605313
Seicercus_whistleri,Whistler's Warbler,3301.6,621.575,Whistler's Warbler,2654.5,1195,Whistler's Warbler,1716.8,1203.075,1584.8,0.188264781,0.450178941,0.70076596
Sitta_castanea,Chestnut-bellied Nuthatch,1963.825,-314.25,Chestnut-bellied Nuthatch,714,94,Chestnut-bellied Nuthatch,162.35,28.475,1801.475,-0.16001935,0.131652661,0.17539267
Sitta_frontalis,Velvet-fronted Nuthatch,1906.225,131.35,Velvet-fronted Nuthatch,848,14,Velvet-fronted Nuthatch,166.4,39.225,1739.825,0.068905822,0.016509434,0.235727163
Sitta_himalayensis,White-tailed Nuthatch,3015.5,196.75,White-tailed Nuthatch,2282,107,White-tailed Nuthatch,1556,513.725,1459.5,0.065246228,0.046888694,0.330157455
Stachyris_chrysaea,Golden Babbler,2472.5,121.05,Golden Babbler,1595,-9.5,Golden Babbler,515,-81.6,1957.5,0.048958544,-0.005956113,-0.158446602
Stachyris_nigriceps,Gray-throated Babbler,2014.8,-233.15,Gray-throated Babbler,945,38,Gray-throated Babbler,230.65,-74.275,1784.15,-0.115718682,0.04021164,-0.322024713
Stachyris_ruficeps,Rufous-capped Babbler,2955.9,167.4,Rufous-capped Babbler,2134,151.75,Rufous-capped Babbler,1468,1025.85,1487.9,0.056632498,0.07111059,0.698807902
Stigmatopelia_chinensis,Spotted Dove,1739.2,161.35,Spotted Dove,981,652,Spotted Dove,75.925,-6.375,1663.275,0.092772539,0.664627931,-0.083964439
Streptopelia_decaocto,Eurasian Collared-Dove,1351.9,22.575,Eurasian Collared-Dove,156,21,Eurasian Collared-Dove,47,-13.625,1304.9,0.01669872,0.134615385,-0.289893617
Streptopelia_orientalis,Oriental Turtle-Dove,3229,180.05,Oriental Turtle-Dove,2147,488.75,Oriental Turtle-Dove,771,574.2,2458,0.055760297,0.227643223,0.744747082
Sturnus_contra,Asian Pied Starling,336.3,-71.5,Asian Pied Starling,152,8,Asian Pied Starling,67.45,-6.4,268.85,-0.212607791,0.052631579,-0.0948851
Sturnus_malabaricus,Chestnut-tailed Starling,1443.25,182.675,Chestnut-tailed Starling,798.75,592,Chestnut-tailed Starling,82.8,2.4,1360.45,0.126571973,0.741158059,0.028985507
Sylviparus_modestus,Yellow-browed Tit,3281.1,423.8,Yellow-browed Tit,2590,163,Yellow-browed Tit,1739,5.4,1542.1,0.129164,0.062934363,0.003105233
Tarsiger_chrysaeus,Golden Bush-Robin,4209.5,1402.65,Golden Bush-Robin,3389,1512.5,Golden Bush-Robin,1684.7,712.575,2524.8,0.333210595,0.446296843,0.422968481
Tarsiger_cyanurus,Himalayan Bluetail,3897.4,970.975,Himalayan Bluetail,2801,516,Himalayan Bluetail,1708.6,503.5,2188.8,0.249134038,0.184219921,0.294685708
Tesia_castaneocoronata,Chestnut-headed Tesia,3146,753.5,Chestnut-headed Tesia,2500,761,Chestnut-headed Tesia,1495.05,786.525,1650.95,0.23951049,0.3044,0.526086084
Tesia_cyaniventer,Gray-bellied Tesia,2588.325,592.45,Gray-bellied Tesia,1762.5,883.5,Gray-bellied Tesia,840.825,703.1,1747.5,0.228893203,0.501276596,0.836202539
Tesia_olivea,Slaty-bellied Tesia,2489.6,850.05,Slaty-bellied Tesia,1739,1119,Slaty-bellied Tesia,541.25,394,1948.35,0.341440392,0.64347326,0.727944573
Treron_apicauda,Pin-tailed Green-Pigeon,1002.225,91.875,Pin-tailed Green-Pigeon,447.25,109,Pin-tailed Green-Pigeon,221.1,86,781.125,0.091671032,0.243711571,0.38896427
Treron_sphenurus,Wedge-tailed Green-Pigeon,2839,589.85,Wedge-tailed Green-Pigeon,1814,227.5,Wedge-tailed Green-Pigeon,192.25,43.15,2646.75,0.207766819,0.125413451,0.224447334
Troglodytes_troglodytes,Eurasian Wren,4353.75,134.6,Eurasian Wren,3720,310.25,Eurasian Wren,2319.225,379.925,2034.525,0.030915877,0.083400538,0.163815499
Turdoides_striata,Jungle Babbler,1040,-40.875,Jungle Babbler,131,-109,Jungle Babbler,44,-40.3,996,-0.039302885,-0.832061069,-0.915909091
Turdus_albocinctus,White-collared Blackbird,3809.7,300.075,White-collared Blackbird,2769.5,197,White-collared Blackbird,2264.25,253.25,1545.45,0.078766045,0.071131973,0.11184719
Turdus_boulboul,Gray-winged Blackbird,2852,502.25,Gray-winged Blackbird,2033.5,268.75,Gray-winged Blackbird,518.2,253.65,2333.8,0.176104488,0.132161298,0.489482825
Upupa_epops,Eurasian Hoopoe,2859.95,363.55,Eurasian Hoopoe,2285.5,1660,Eurasian Hoopoe,147.4,64.35,2712.55,0.127117607,0.726318092,0.436567164
Urocissa_erythrorhyncha,Red-billed Blue-Magpie,1914.975,-151,Red-billed Blue-Magpie,1353,0,Red-billed Blue-Magpie,803.4,0.8,1111.575,-0.078852204,0,0.000995768
Urocissa_flavirostris,Yellow-billed Blue-Magpie,3434,59,Yellow-billed Blue-Magpie,2677,45,Yellow-billed Blue-Magpie,2114.2,132.8,1319.8,0.01718113,0.016809862,0.062813357
Vanellus_indicus,Red-wattled Lapwing,1577.075,103.2,Red-wattled Lapwing,242.5,11,Red-wattled Lapwing,85.5,2,1491.575,0.065437598,0.045360825,0.023391813
Xiphirhynchus_superciliaris,Slender-billed Scimitar-Babbler,3058.9,525.3,Slender-billed Scimitar-Babbler,2114.5,375.5,Slender-billed Scimitar-Babbler,1739,478.1,1319.9,0.171728399,0.177583353,0.27492812
Yuhina_flavicollis,Whiskered Yuhina,2827.3,129,Whiskered Yuhina,1986,247,Whiskered Yuhina,806.875,156.45,2020.425,0.04562657,0.124370594,0.193896204
Yuhina_gularis,Stripe-throated Yuhina,3383,555.95,Stripe-throated Yuhina,2636,842.5,Stripe-throated Yuhina,1701,792.9,1682,0.164336388,0.31961305,0.466137566
Yuhina_nigrimenta,Black-chinned Yuhina,2325.175,-329.35,Black-chinned Yuhina,1009.5,-109.25,Black-chinned Yuhina,498.45,-108.8,1826.725,-0.141645253,-0.108221892,-0.218276658
Yuhina_occipitalis,Rufous-vented Yuhina,3548,792.7,Rufous-vented Yuhina,2887,1119,Rufous-vented Yuhina,1739,874.8,1809,0.223421646,0.387599584,0.503047729
Zoothera_mollissima,Alpine Thrush,4317,1322.45,Alpine Thrush,2710,327.5,Alpine Thrush,2103.9,745.3,2213.1,0.306335418,0.120848708,0.354246875
Zosterops_palpebrosus,Indian White-eye,2277.65,15.275,Indian White-eye,989,-248,Indian White-eye,259.025,79.5,2018.625,0.006706474,-0.250758342,0.306920181