Tree.name,GENUS,SPECIFICC,Species,Median_S_lower,Median_W_lower,Median_diff_lower,Median_S_median,Median_W_median,Median_diff_median,Median_S_upper,Median_W_upper,Median_diff_upper,Summer_range,Diff_ratio_upper,Diff_ratio_median,Diff_ratio_lower
Treron_phoenicopterus,Treron,phoenicopterus,Yellow-footed Green-Pigeon,268.8,245,26,388,388,0,780.2,3326.35,-2533.25,511.4,-0.246923866,0,0.09672619
Nyctyornis_athertoni,Nyctyornis,athertoni,Blue-bearded Bee-eater,272,272.9,-1,591,575,6,1011,1310.075,-330.35,739,-0.326755687,0.010152284,-0.003676471
Dicaeum_erythrorhynchos,Dicaeum,erythrorhynchos,Pale-billed Flowerpecker,589,395.7,179.65,664,664,0,802.975,1011,-194,213.975,-0.241601544,0,0.305008489
Prinia_socialis,Prinia,socialis,Ashy Prinia,272,272,0,584,599,-15,848.4,1011,-161.85,576.4,-0.190770863,-0.025684932,0
Lonchura_malabarica,Lonchura,malabarica,Indian Silverbill,272,269.5,0,345.5,336,7,692,832.6,-129.2,420,-0.186705202,0.020260492,0
Aegithina_tiphia,Aegithina,tiphia,Common Iora,269.35,272,-4.55,391,399,-1,1007,1122.65,-158.85,737.65,-0.15774578,-0.002557545,-0.016892519
Chloropsis_hardwickii,Chloropsis,hardwickii,Orange-bellied Leafbird,622.05,378.8,241.75,1248.5,666,582.5,1736.5,2044.2,-260.7,1114.45,-0.150129571,0.466559872,0.388634354
Pellorneum_ruficeps,Pellorneum,ruficeps,Puff-throated Babbler,354,425.225,-69.25,602,602,0,1004.5,1141.05,-125.45,650.5,-0.124888004,0,-0.195621469
Vanellus_indicus,Vanellus,indicus,Red-wattled Lapwing,272,264.7,7.3,434,399,37,1092.5,1210.8,-136.175,820.5,-0.124645309,0.085253456,0.026838235
Merops_orientalis,Merops,orientalis,Green Bee-eater,272,301,-29,372,653,-281,731.85,826.65,-85.825,459.85,-0.117271299,-0.755376344,-0.106617647
Pomatorhinus_schisticeps,Pomatorhinus,schisticeps,White-browed Scimitar-Babbler,595.95,438,153,1298,1039,225,2082.8,2389.25,-235.05,1486.85,-0.11285289,0.173343606,0.256732947
Megalaima_haemacephala,Megalaima,haemacephala,Coppersmith Barbet,272,272,0,595,580,13.5,861,956,-95,589,-0.110336818,0.022689076,0
Amandava_amandava,Amandava,amandava,Red Avadavat,266,245,20.9,272,372,-79.5,602,666,-60.15,336,-0.099916944,-0.292279412,0.078571429
Pycnonotus_melanicterus,Pycnonotus,melanicterus,Black-crested Bulbul,312.25,372.925,-59.75,443,421,17.5,1124,1243.9,-111.55,811.75,-0.099243772,0.039503386,-0.191353082
Ninox_scutulata,Ninox,scutulata,Brown Boobook,326.95,311.6,11.25,492,600.5,-109,861,932.25,-78.95,534.05,-0.091695703,-0.221544715,0.034408931
Orthotomus_sutorius,Orthotomus,sutorius,Common Tailorbird,272,272,0,602,602,0,1071.4,1159.7,-84.55,799.4,-0.078915438,0,0
Cissa_chinensis,Cissa,chinensis,Common Green-Magpie,376.5,389.05,-12.55,867,1248,-381,1462.35,1565.6,-103.25,1085.85,-0.070605532,-0.439446367,-0.033333333
Mulleripicus_pulverulentus,Mulleripicus,pulverulentus,Great Slaty Woodpecker,348.5,354,-11.35,388,388,0,630,693.25,-39.3,281.5,-0.062380952,0,-0.032568149
Ketupa_zeylonensis,Ketupa,zeylonensis,Brown Fish-Owl,286.5,350.1,-63.6,1000.5,1237,-25.5,1614.225,1721,-78.525,1327.725,-0.048645635,-0.025487256,-0.221989529
Corvus_splendens,Corvus,splendens,House Crow,272,267,5,580,580,0,1727.45,1810,-69,1455.45,-0.039943269,0,0.018382353
Pycnonotus_jocosus,Pycnonotus,jocosus,Red-whiskered Bulbul,272,265.55,6.4,409,409,0,791,827,-31.2,519,-0.039443742,0,0.023529412
Turdoides_striata,Turdoides,striata,Jungle Babbler,272,272,0,638,616,22,1428.4,1466,-42.05,1156.4,-0.029438533,0.034482759,0
Ocyceros_birostris,Ocyceros,birostris,Indian Gray Hornbill,272,272,0,602,602,0,861,894.25,-25.25,589,-0.029326365,0,0
Gallus_gallus,Gallus,gallus,Red Junglefowl,272,279,-7,469.5,602,-132.5,1504,1542.05,-42.25,1232,-0.028091755,-0.282215122,-0.025735294
Parus_rufonuchalis,Parus,rufonuchalis,Rufous-naped Tit,1643,1603.5,29.5,2630,2542,96.5,3201.8,3290.2,-69.2,1558.8,-0.021612843,0.036692015,0.01795496
Prinia_hodgsonii,Prinia,hodgsonii,Gray-breasted Prinia,272,272,0,664,638,26,1498,1528.3,-31.2,1226,-0.02082777,0.039156627,0
Dendrocopos_auriceps,Dendrocopos,auriceps,Brown-fronted Woodpecker,1153.4,963.75,192.3,1789,1766,18,2238.525,2282.3,-40.625,1085.125,-0.018148111,0.010061487,0.166724467
Lonchura_punctulata,Lonchura,punctulata,Scaly-breasted Munia,272,272,0,602,602,0,1507.6,1542,-24.1,1235.6,-0.015985673,0,0
Psittacula_alexandri,Psittacula,alexandri,Red-breasted Parakeet,354,354,0,434,442,-9.75,665,665.675,-7.1,311,-0.010676692,-0.022465438,0
Garrulax_lineatus,Garrulax,lineatus,Streaked Laughingthrush,1214.85,1179.85,32.1,1943,1935,8,2653,2680,-25.75,1438.15,-0.009705993,0.004117344,0.026423015
Halcyon_smyrnensis,Halcyon,smyrnensis,White-throated Kingfisher,272,262,10,446,403,43,1575.4,1583.75,-8.175,1303.4,-0.005189158,0.096412556,0.036764706
Columba_livia,Columba,livia,Rock Pigeon,272,272,0,638,638,0,2069.6,2081,-10,1797.6,-0.004831852,0,0
Leiothrix_lutea,Leiothrix,lutea,Red-billed Leiothrix,661.8,660,0,1332,1365,-33,2044,2048.25,-8.25,1382.2,-0.004036204,-0.024774775,0
Psittacula_krameri,Psittacula,krameri,Rose-ringed Parakeet,272,272,0,602,602,0,1256,1259.1,-1.65,984,-0.001313694,0,0
Dinopium_shorii,Dinopium,shorii,Himalayan Flameback,333.2,342.225,-7.5,421,579,-149,666.4,667.5,-0.55,333.2,-0.00082533,-0.35391924,-0.022509004
Dicrurus_caerulescens,Dicrurus,caerulescens,White-bellied Drongo,253.425,245,5.5,457,377.5,68.25,665,665.725,-0.525,411.575,-0.000789474,0.149343545,0.021702673
Athene_brama,Athene,brama,Spotted Owlet,272,262.6,9.4,403,388,18,827,827,0,555,0,0.044665012,0.034558824
Centropus_sinensis,Centropus,sinensis,Greater Coucal,294.25,262,32.2,599,409,190,827,827,0,532.75,0,0.317195326,0.109430756
Cercomela_fusca,Cercomela,fusca,Brown Rock Chat,272,272,0,599,599,-2.5,827,827,0,555,0,-0.004173623,0
Copsychus_malabaricus,Copsychus,malabaricus,White-rumped Shama,281.675,367.95,-58.075,421,661,-235.25,666,666,0,384.325,0,-0.558788599,-0.206177332
Dendrocitta_formosae,Dendrocitta,formosae,Gray Treepie,602,438.15,160.425,1485,1216.25,264.5,2417,2417,0,1815,0,0.178114478,0.266486711
Enicurus_maculatus,Enicurus,maculatus,Spotted Forktail,1248.6,872,372.5,2173,1637,536,2417,2417,0,1168.4,0,0.246663599,0.298334134
Garrulax_albogularis,Garrulax,albogularis,White-throated Laughingthrush,1327.5,1248,77.35,2086,2011,80,2417,2417,0,1089.5,0,0.038350911,0.05826742
Garrulus_lanceolatus,Garrulus,lanceolatus,Black-headed Jay,1365,1332,33,2035,1947,88,2417,2417,0,1052,0,0.043243243,0.024175824
Lophura_leucomelanos,Lophura,leucomelanos,Kalij Pheasant,653,703.575,-31.375,1864,1728.5,142,2418.6,2438,0,1765.6,0,0.076180258,-0.048047473
Megalaima_virens,Megalaima,virens,Great Barbet,1011,838,164.9,1913,1795,118,2417,2417,0,1406,0,0.06168322,0.163105836
Oriolus_traillii,Oriolus,traillii,Maroon Oriole,602,361,241.45,1974,898,1076,2417,2417,0,1815,0,0.54508612,0.401079734
Otus_spilocephalus,Otus,spilocephalus,Mountain Scops-Owl,1413,1430.45,-12.95,1952,2108,-162,2417,2417,0,1004,0,-0.082991803,-0.009164897
Picus_canus,Picus,canus,Gray-headed Woodpecker,446,492,-46.35,1559,1428,122.5,2417,2417,0,1971,0,0.07857601,-0.103923767
Ploceus_philippinus,Ploceus,philippinus,Baya Weaver,272,262,10,613,602,11,827,827,0,555,0,0.017944535,0.036764706
Pomatorhinus_erythrogenys,Pomatorhinus,erythrogenys,Rusty-cheeked Scimitar-Babbler,591,591,0,1419,1383,33,2417,2417,0,1826,0,0.023255814,0
Pomatorhinus_ruficollis,Pomatorhinus,ruficollis,Streak-breasted Scimitar-Babbler,1944.375,1612,332.05,2417,2417,0,2417,2417,0,472.625,0,0,0.170774671
Sturnus_contra,Sturnus,contra,Asian Pied Starling,272,265.95,6,372,388.5,-18.5,827,827,0,555,0,-0.049731183,0.022058824
Urocissa_flavirostris,Urocissa,flavirostris,Yellow-billed Blue-Magpie,1145,932,209.225,2158,1817,332,2500.8,2499,5.15,1355.8,0.002059341,0.153846154,0.182729258
Pica_pica,Pica,pica,Eurasian Magpie,2539,3075.65,-534.925,3293,3263,30,4211,4198,13,1672,0.003087153,0.009110234,-0.21068334
Parus_monticolus,Parus,monticolus,Green-backed Tit,1383,1269.95,111.9,2158,2032,129,2510,2499,11,1127,0.00438247,0.059777572,0.080911063
Yuhina_flavicollis,Yuhina,flavicollis,Whiskered Yuhina,1549.35,761,789.975,2173,1862,311,2510,2499,11,960.65,0.00438247,0.14312011,0.509875109
Hemipus_picatus,Hemipus,picatus,Bar-winged Flycatcher-shrike,364.3,353.45,15.5,616,602,14,1570,1546.2,7.55,1205.7,0.004808917,0.022727273,0.042547351
Megalaima_zeylanica,Megalaima,zeylanica,Brown-headed Barbet,272,272,0,602,602,0,831,827,4,559,0.004813478,0,0
Parus_dichrous,Parus,dichrous,Gray-crested Tit,1542.6,1622,-86.7,2784,2696.5,87.5,3269.8,3254.15,15.85,1727.2,0.004847391,0.031429598,-0.056203812
Megalaima_lineata,Megalaima,lineata,Lineated Barbet,311,307,1.925,403,441,-38,867,861,4.35,556,0.005017301,-0.094292804,0.006189711
Megalaima_asiatica,Megalaima,asiatica,Blue-throated Barbet,512.6,388.5,120.05,1248,1121,132,1935.75,1924.1,15,1423.15,0.007748935,0.105769231,0.234198205
Minla_cyanouroptera,Minla,cyanouroptera,Blue-winged Minla,1077.8,915.8,113.125,1365,1365,0,2151.6,2133,16.7,1073.8,0.007761666,0,0.104959176
Mycerobas_melanozanthos,Mycerobas,melanozanthos,Spot-winged Grosbeak,1489,1542.6,-62.35,2173,2035,138,2524.05,2499,25.05,1035.05,0.009924526,0.063506673,-0.041873741
Dicrurus_paradiseus,Dicrurus,paradiseus,Greater Racket-tailed Drongo,274.325,222.1,48.925,446,457.5,-13.25,666,657.125,8.875,391.675,0.013325826,-0.02970852,0.178346851
Phylloscopus_xanthoschistos,Phylloscopus,xanthoschistos,Gray-hooded Warbler,825.75,403,423.225,1943,1365,580,2417,2384,33,1591.25,0.013653289,0.298507463,0.51253406
Garrulax_striatus,Garrulax,striatus,Striated Laughingthrush,1248,1121,127,2035,1958.5,78,2452.9,2417,35.9,1204.9,0.014635737,0.038329238,0.101762821
Corvus_corone,Corvus,corone,Carrion Crow,2927.15,2495.4,194.2,3240,3237,3,3726.8,3640.6,57.525,799.65,0.015435494,0.000925926,0.066344396
Ficedula_parva,Ficedula,parva,Red-breasted Flycatcher,272,259,13,580,486,94,1350.15,1332,21.45,1078.15,0.015887124,0.162068966,0.047794118
Anthracoceros_albirostris,Anthracoceros,albirostris,Oriental Pied-Hornbill,272,264.25,3,591,602,-11,831,827,13.525,559,0.016275572,-0.018612521,0.011029412
Picus_xanthopygaeus,Picus,xanthopygaeus,Streak-throated Woodpecker,331.6,351.65,-15,410.5,421,-10,626.6,605.8,10.2,295,0.016278327,-0.024360536,-0.045235223
Dendrocitta_vagabunda,Dendrocitta,vagabunda,Rufous Treepie,272,272,0,602,599,3,1164,1162.4,19.5,892,0.016752577,0.004983389,0
Garrulus_glandarius,Garrulus,glandarius,Eurasian Jay,1630,1447.5,174.925,2158,2104.5,58,2460.5,2417,43.5,830.5,0.017679333,0.026876738,0.107315951
Urocissa_erythrorhyncha,Urocissa,erythrorhyncha,Red-billed Blue-Magpie,665.8,666,0,1498,1556,-58,2215,2173,40.5,1549.2,0.018284424,-0.038718291,0
Hypsipetes_mcclellandii,Hypsipetes,mcclellandii,Mountain Bulbul,1248,1106,142,1388,1523,-116.5,2145,2103,43.5,897,0.02027972,-0.083933718,0.113782051
Pteruthius_xanthochlorus,Pteruthius,xanthochlorus,Green Shrike-Babbler,1789.4,1663.55,175.85,2417,2417,0,2557.7,2500.65,58.15,768.3,0.02273527,0,0.098273164
Garrulax_leucolophus,Garrulax,leucolophus,White-crested Laughingthrush,381,384.2,-3.175,935,1011,-56,1747.975,1695.4,39.975,1366.975,0.02286932,-0.059893048,-0.008333333
Nectarinia_asiatica,Nectarinia,asiatica,Purple Sunbird,272,268,4,599,409,190,1214,1184.2,29.8,942,0.024546952,0.317195326,0.014705882
Sitta_himalayensis,Sitta,himalayensis,White-tailed Nuthatch,1413.9,1351.8,69.25,2115,2100,15,2548,2486,70.025,1134.1,0.027482339,0.007092199,0.048978004
Garrulax_erythrocephalus,Garrulax,erythrocephalus,Chestnut-crowned Laughingthrush,1630,1317.3,309.1,2328.5,2173,155.5,2489.5,2417,72.5,859.5,0.029122314,0.06678119,0.189631902
Chrysocolaptes_lucidus,Chrysocolaptes,lucidus,Greater Flameback,319.5,298.55,18,638,585,51,1419,1378,43,1099.5,0.03030303,0.079937304,0.056338028
Pucrasia_macrolopha,Pucrasia,macrolopha,Koklass Pheasant,1648.5,1688.25,-39.25,2384,2282,102,3242.05,3141.05,99.65,1593.55,0.030736725,0.042785235,-0.023809524
Pteruthius_flaviscapis,Pteruthius,flaviscapis,Himalayan Shrike-Babbler,1413.3,1040.975,368.525,2085,2009.5,78.5,2494.4,2417,77.4,1081.1,0.031029506,0.03764988,0.260754971
Turdoides_malcolmi,Turdoides,malcolmi,Large Gray Babbler,358.05,284.15,71.2,599,599,2.5,706,666,22,347.95,0.031161473,0.004173623,0.198854909
Zoothera_monticola,Zoothera,monticola,Long-billed Thrush,1630,456,1169,2417,2173,244,2502.15,2426.025,78.5,872.15,0.031373019,0.100951593,0.717177914
Tephrodornis_pondicerianus,Tephrodornis,pondicerianus,Common Woodshrike,272.3,271.1,4.875,404.5,442,-44,1054.5,1017.75,33.225,782.2,0.031507824,-0.108776267,0.017903048
Francolinus_francolinus,Francolinus,francolinus,Black Francolin,559.475,569.75,-23.975,1542,1542.5,-1.25,2264.25,2195.25,72.175,1704.775,0.031875897,-0.000810636,-0.042852674
Hypsipetes_leucocephalus,Hypsipetes,leucocephalus,Black Bulbul,602,388,214,1817.5,1332,486,2499,2417,82,1897,0.032813125,0.267400275,0.355481728
Picus_flavinucha,Picus,flavinucha,Greater Yellownape,382.75,408,-26.7,1365,1365,0,2100,2034.15,74.025,1717.25,0.03525,0,-0.069758328
Carpodacus_rubicilla,Carpodacus,rubicilla,Great Rosefinch,3234,3177,57,4360,3603,757,4632,4468,164,1398,0.035405872,0.173623853,0.017625232
Coracina_macei,Coracina,macei,Large Cuckooshrike,272,265.25,7.65,481.5,535,-58,870.6,892.5,31.5,598.6,0.036181943,-0.120456906,0.028125
Turdus_boulboul,Turdus,boulboul,Gray-winged Blackbird,656.55,440.3,223.175,2035,1612,423,2508.9,2417,92.45,1852.35,0.036848818,0.207862408,0.339920798
Aegithalos_concinnus,Aegithalos,concinnus,Black-throated Tit,1355.5,1255,94.825,2082,1986,99.5,2511,2417,94,1155.5,0.037435285,0.047790586,0.069955736
Heterophasia_capistrata,Heterophasia,capistrata,Rufous Sibia,1517.375,994.55,514.5,2173,1968,205,2511,2417,94,993.625,0.037435285,0.094339623,0.339072411
Sylviparus_modestus,Sylviparus,modestus,Yellow-browed Tit,1539,1367.7,168.6,2313,2124,181.25,3005.65,2889.7,112.65,1466.65,0.037479414,0.078361435,0.109551657
Dendrocopos_himalayensis,Dendrocopos,himalayensis,Himalayan Woodpecker,1542,1505.5,36.1,2173,2085,92.5,2904.2,2784,114.45,1362.2,0.039408443,0.042567879,0.023411154
Chrysomma_sinense,Chrysomma,sinense,Yellow-eyed Babbler,277.05,272,5.05,654,666,0,861,827,34,583.95,0.039488966,0,0.018227757
Pericrocotus_flammeus,Pericrocotus,flammeus,Scarlet Minivet,377,352.8,31.95,1384.5,664,735,2146,2055.8,90.2,1769,0.042031687,0.530877573,0.084748011
Buceros_bicornis,Buceros,bicornis,Great Hornbill,307,267.95,36.75,438,431,10.5,927.45,869.55,40.85,620.45,0.044045501,0.023972603,0.11970684
Aethopyga_nipalensis,Aethopyga,nipalensis,Green-tailed Sunbird,1579.75,663.6,934.625,2417,1502,915,2531.3,2417,115.75,951.55,0.045727492,0.378568473,0.591628422
Prinia_crinigera,Prinia,crinigera,Striated Prinia,861,861,10.45,1795,1542,249,2236.25,2135,105.5,1375.25,0.047177194,0.138718663,0.01213705
Garrulax_rufogularis,Garrulax,rufogularis,Rufous-chinned Laughingthrush,666,681,0,1332,1365,-33,2042.85,1950.1,96.925,1376.85,0.04744597,-0.024774775,0
Saxicoloides_fulicatus,Saxicoloides,fulicatus,Indian Robin,272,272,0,703,599,99.25,1345.5,1270.75,64.225,1073.5,0.047733185,0.141180654,0
Zosterops_palpebrosus,Zosterops,palpebrosus,Indian White-eye,272,272,0,664,653,11,2116.3,2011,105.525,1844.3,0.049862968,0.016566265,0
Strix_leptogrammica,Strix,leptogrammica,Brown Wood-Owl,715.4,637.2,37.5,1498,1415,83,2442,2322.25,125.9,1726.6,0.051556102,0.05540721,0.052418228
Parus_xanthogenys,Parus,xanthogenys,Himalayan Black-lored Tit,832.1,761,68,1542,1542,0,2274.25,2153,122.4,1442.15,0.053819941,0,0.081720947
Glaucidium_radiatum,Glaucidium,radiatum,Jungle Owlet,272,253.4,19.9,388,388,0,1419,1337.4,76.525,1147,0.053928823,0,0.073161765
Dicrurus_aeneus,Dicrurus,aeneus,Bronzed Drongo,481.725,415,60.325,1365,1332,33,2049,1932.6,110.7,1567.275,0.054026354,0.024175824,0.125227049
Picus_squamatus,Picus,squamatus,Scaly-bellied Woodpecker,1252.95,1164,85.4,2011,1913,98,2784,2630.6,153.75,1531.05,0.055226293,0.048731974,0.068159144
Sitta_castanea,Sitta,castanea,Chestnut-bellied Nuthatch,372,361.2,12.5,994,827,154,2067,1955.4,116,1695,0.056119981,0.154929577,0.033602151
Turdus_unicolor,Turdus,unicolor,Tickell's Thrush,388,377.8,6.5,1598,1360,237.5,2644.125,2499,152.35,2256.125,0.057618305,0.148623279,0.016752577
Dendrocopos_canicapillus,Dendrocopos,canicapillus,Gray-capped Woodpecker,355.8,354,0,602,602,0,1844.8,1741.8,107,1489,0.058000867,0,0
Rhipidura_albicollis,Rhipidura,albicollis,White-throated Fantail,565,284.2,282.675,827,602,225,1639.9,1542,107.925,1074.9,0.06581194,0.272067715,0.500309735
Passer_rutilans,Passer,rutilans,Russet Sparrow,1095.325,952.575,146.775,1862,1802,60,2589.55,2417,172.55,1494.225,0.066633199,0.032223416,0.134001324
Turdoides_caudata,Turdoides,caudata,Common Babbler,272,272,0,599,602,-3,1003.4,938.9,67.5,731.4,0.067271278,-0.005008347,0
Oriolus_xanthornus,Oriolus,xanthornus,Black-hooded Oriole,272,272,0,388,486,-98,715.5,666,49.5,443.5,0.06918239,-0.25257732,0
Abroscopus_schisticeps,Abroscopus,schisticeps,Black-faced Warbler,1498,1332,168.2,2145,2145,0,2604.6,2417,187.6,1106.6,0.072026415,0,0.112283044
Lanius_vittatus,Lanius,vittatus,Bay-backed Shrike,269.75,272,-0.4,368,326,42,986.2,895.65,71.2,716.45,0.072196309,0.114130435,-0.001482854
Parus_major,Parus,major,Cinereous Tit,388,368,20,1214,827,387,3420,3166.6,250.025,3032,0.073106725,0.31878089,0.051546392
Lophophorus_impejanus,Lophophorus,impejanus,Himalayan Monal,1678.2,1728.575,-35,2868,2651,218,3503.8,3247.55,256.25,1825.6,0.073134882,0.076011158,-0.020855679
Picumnus_innominatus,Picumnus,innominatus,Speckled Piculet,602,602,0,1336,1332,6,2404.6,2224,183.475,1802.6,0.076301672,0.004491018,0
Passer_montanus,Passer,montanus,Eurasian Tree Sparrow,671,905,-228.9,905,923,-9,1946,1780.55,149.7,1275,0.07692703,-0.009944751,-0.341132638
Alectoris_chukar,Alectoris,chukar,Chukar,1770,1745.25,24.525,3540,3286,254,4575.2,4211,364.2,2805.2,0.079603077,0.071751412,0.013855932
Nucifraga_caryocatactes,Nucifraga,caryocatactes,Eurasian Nutcracker,1665.05,1862,-197.25,2309,2309,0,3231,2968.9,259.9,1565.95,0.080439492,0,-0.118464911
Corvus_macrorhynchos,Corvus,macrorhynchos,Large-billed Crow,272,272,0,1164,847,316,2754.4,2531,228.25,2482.4,0.082867412,0.271477663,0
Picus_chlorolophus,Picus,chlorolophus,Lesser Yellownape,386,385.825,0.275,1321.5,1134.5,148.25,2049,1883.8,171.125,1663,0.083516349,0.112183125,0.000712435
Pyrrhula_erythrocephala,Pyrrhula,erythrocephala,Red-headed Bullfinch,1392,1328.35,66.35,1942,1904,39,3096.85,2824.25,266.4,1704.85,0.086022894,0.020082389,0.04766523
Pavo_cristatus,Pavo,cristatus,Indian Peafowl,272,249.4,22.6,387,388,-2,1293.775,1157,115.475,1021.775,0.089254314,-0.005167959,0.083088235
Enicurus_scouleri,Enicurus,scouleri,Little Forktail,1148.1,758.625,392.4,1894.5,1578,312,3057.05,2784,273.05,1908.95,0.089318133,0.164687253,0.341782075
Pycnonotus_leucogenys,Pycnonotus,leucogenys,Himalayan Bulbul,429,385,43,1332,1094,233,2417,2201,216,1988,0.089366984,0.174924925,0.1002331
Pyrrhocorax_pyrrhocorax,Pyrrhocorax,pyrrhocorax,Red-billed Chough,2765,2306.5,455.75,3540,3263,277,4632,4211,421,1867,0.090889465,0.078248588,0.16482821
Columba_rupestris,Columba,rupestris,Hill Pigeon,2795,1269,1533,4183,3527.5,655.5,4665,4211,454,1870,0.097320472,0.156705714,0.548479428
Dendrocopos_macei,Dendrocopos,macei,Fulvous-breasted Woodpecker,354,354,0,954,665,293.5,2100.85,1913,204.65,1746.85,0.097412952,0.307651992,0
Columba_leuconota,Columba,leuconota,Snow Pigeon,1630,1492.6,134.325,3748,2636,1118,4618.5,4159.15,455,2988.5,0.098516834,0.298292423,0.082407975
Psittacula_himalayana,Psittacula,himalayana,Slaty-headed Parakeet,495.8,517.25,-15.6,1630,1383,247,2417,2178.5,238.15,1921.2,0.098531237,0.151533742,-0.0314643
Parus_ater,Parus,ater,Coal Tit,1413.7,1364.95,49.3,2309,2114,195,3182.7,2867,314.25,1769,0.098736921,0.084452144,0.034873028
Pycnonotus_cafer,Pycnonotus,cafer,Red-vented Bulbul,272,272,0,638,653,-15,2146,1931,215.025,1874,0.100198043,-0.023510972,0
Stachyris_pyrrhops,Stachyris,pyrrhops,Black-chinned Babbler,386,441,-55,1011,1116,-116,2417,2173.75,243.25,2031,0.100641291,-0.114737883,-0.142487047
Acridotheres_tristis,Acridotheres,tristis,Common Myna,272,272,0,827,720,107,2417,2173,244,2145,0.100951593,0.129383313,0
Glaucidium_brodiei,Glaucidium,brodiei,Collared Owlet,1332,1186.3,147.75,1966,1931,27,2893,2590,306.5,1561,0.105945385,0.013733469,0.110923423
Carduelis_spinoides,Carduelis,spinoides,Yellow-breasted Greenfinch,664.2,272,392.2,2173,1610.5,554.5,2708.3,2417,291.3,2044.1,0.107558247,0.255177174,0.590484794
Dicaeum_agile,Dicaeum,agile,Thick-billed Flowerpecker,272,276.2,-3.5,655,602,51,1139.85,1021.15,124.7,867.85,0.10940036,0.077862595,-0.012867647
Troglodytes_troglodytes,Troglodytes,troglodytes,Eurasian Wren,1702.6,1587.65,113.15,2784,2784,-2,3918.8,3487,435.9,2216.2,0.111233031,-0.000718391,0.066457183
Serinus_pusillus,Serinus,pusillus,Fire-fronted Serin,1641.5,1368,296.325,3322.5,2116,1207.5,4463.725,3957,505,2822.225,0.11313421,0.363431151,0.180520865
Corvus_corax,Corvus,corax,Common Raven,1588,333.8,1246.925,4211,3199.5,1011.5,5267,4659.2,604.55,3679,0.11478071,0.240204227,0.785217254
Rhyacornis_fuliginosa,Rhyacornis,fuliginosa,Plumbeous Redstart,522.55,363,159.75,1743,952,788,2978.85,2630,348.85,2456.3,0.117108951,0.452094091,0.305712372
Turdus_viscivorus,Turdus,viscivorus,Mistle Thrush,1613.1,1628.9,-18.125,2317.5,2419,-95,3230.25,2844,386.25,1617.15,0.119572788,-0.040992449,-0.011236129
Stigmatopelia_senegalensis,Stigmatopelia,senegalensis,Laughing Dove,321,283.65,36.975,580,575,5,941,827,114,620,0.121147715,0.00862069,0.115186916
Mycerobas_icterioides,Mycerobas,icterioides,Black-and-yellow Grosbeak,1677.125,1635.25,69.7,2548,2224.5,330,3273,2860,413,1595.875,0.126183929,0.129513344,0.041559216
Myophonus_caeruleus,Myophonus,caeruleus,Blue Whistling-Thrush,759.8,381,380.1,2009,1582,428,2859.875,2495.6,365,2100.075,0.127627956,0.213041314,0.500263227
Carduelis_carduelis,Carduelis,carduelis,European Goldfinch,1133.8,837.9,329,2191,1613,578,3629,3167.75,474.625,2495.2,0.130786718,0.263806481,0.290174634
Certhia_himalayana,Certhia,himalayana,Bar-tailed Treecreeper,1328.2,591,730,2035,1804,223.5,2890,2507.25,383.175,1561.8,0.132586505,0.10982801,0.549616022
Chalcophaps_indica,Chalcophaps,indica,Asian Emerald Dove,317.2,388,-70.8,602,602,0,1556,1337.85,207.7,1238.8,0.13348329,0,-0.223203026
Garrulax_variegatus,Garrulax,variegatus,Variegated Laughingthrush,1667,1521.5,147.75,2417,2173,244,3282.75,2844,438.75,1615.75,0.133653187,0.100951593,0.088632274
Aethopyga_ignicauda,Aethopyga,ignicauda,Fire-tailed Sunbird,844.65,666,176.65,1695,1109,516,2417,2087.175,327.65,1572.35,0.135560612,0.304424779,0.20913988
Arborophila_torqueola,Arborophila,torqueola,Hill Partridge,1559,1565.5,-14,2169,2149,12,2893,2499,394,1334,0.136190805,0.005532503,-0.008980115
Dinopium_benghalense,Dinopium,benghalense,Black-rumped Flameback,272,272,0,448.5,412,41.5,821.775,676.225,118.5,549.775,0.144200055,0.092530658,0
Dendrocopos_hyperythrus,Dendrocopos,hyperythrus,Rufous-bellied Woodpecker,1630,1542,88,2174,2173,3.5,2893,2463.5,429.5,1263,0.148461804,0.001609936,0.05398773
Eumyias_thalassinus,Eumyias,thalassinus,Verditer Flycatcher,404.45,330.9,71.1,1931,602,1320,2417,2058.6,359.275,2012.55,0.148645014,0.683583635,0.175794289
Tichodroma_muraria,Tichodroma,muraria,Wallcreeper,382.6,363,18.6,1542.5,1187,346,4114.4,3487,624.2,3731.8,0.151711064,0.224311183,0.048614741
Saxicola_ferreus,Saxicola,ferreus,Gray Bushchat,602,326,279.65,1872.5,827,1045.5,2528.25,2136,391.725,1926.25,0.154939187,0.558344459,0.464534884
Dicaeum_ignipectus,Dicaeum,ignipectus,Fire-breasted Flowerpecker,1601,638,970.175,2174,1368,806,2499,2100,397.1,898,0.158903561,0.37074517,0.605980637
Anthus_sylvanus,Anthus,sylvanus,Upland Pipit,1237,602,635,1913,1913,0,2595.2,2173.925,423.25,1358.2,0.16308955,0,0.513338723
Cuculus_varius,Cuculus,varius,Common Hawk-Cuckoo,272,306.15,-34.15,602,605.5,-3.5,1419,1185,234,1147,0.164904863,-0.005813953,-0.125551471
Acridotheres_fuscus,Acridotheres,fuscus,Jungle Myna,387.975,272,117.5,827,653,174,1952,1624.5,324.325,1564.025,0.166150102,0.210399033,0.302854565
Saxicola_caprata,Saxicola,caprata,Pied Bushchat,272,245,27,791,368,426,1733.45,1431,291.5,1461.45,0.168161758,0.538558786,0.099264706
Cettia_fortipes,Cettia,fortipes,Brownish-flanked Bush Warbler,1379.05,516.875,870.625,2124,1862,262,2703.75,2236.55,467.175,1324.7,0.172787795,0.123352166,0.631322287
Pyrrhocorax_graculus,Pyrrhocorax,graculus,Yellow-billed Chough,2718,2209.55,514.7,4162,3358,804,5092,4211,881,2374,0.173016496,0.193176358,0.189367182
Psittacula_cyanocephala,Psittacula,cyanocephala,Plum-headed Parakeet,272,272,0,664,602,62,1653.9,1358.35,289.275,1381.9,0.174904771,0.093373494,0
Sturnus_pagodarum,Sturnus,pagodarum,Brahminy Starling,272,272,0,638,593,45,1011,827,184,739,0.181998022,0.070532915,0
Tesia_castaneocoronata,Tesia,castaneocoronata,Chestnut-headed Tesia,735.6,602,127.6,2173,1543,623,2965,2417,548,2229.4,0.184822934,0.286700414,0.173463839
Coracias_benghalensis,Coracias,benghalensis,Indian Roller,245,245,0,341.75,279,61,628,494.7,120.125,383,0.191281847,0.17849305,0
Hemixos_flavala,Hemixos,flavala,Ashy Bulbul,385.7,377.8,7.15,1014,1290,-261,2006.575,1614,393.075,1620.875,0.1958935,-0.25739645,0.018537724
Ficedula_superciliaris,Ficedula,superciliaris,Ultramarine Flycatcher,566.5,272,293,2111,1053,1068,2595.85,2100.75,510.65,2029.35,0.196717838,0.505921364,0.517210944
Prunella_rubeculoides,Prunella,rubeculoides,Robin Accentor,3305.6,2732.6,546.5,4199,3619,586,5267,4211,1056,1961.4,0.20049364,0.139557037,0.165325508
Muscicapa_dauurica,Muscicapa,dauurica,Asian Brown Flycatcher,404.5,482.5,-74.25,1089,1152,-63,2482.7,1983,503,2078.2,0.202602006,-0.05785124,-0.183559951
Prinia_inornata,Prinia,inornata,Plain Prinia,271.5,262,8.775,522,434.5,88.5,1493,1191,306.2,1221.5,0.205090422,0.16954023,0.032320442
Phoenicurus_caeruleocephala,Phoenicurus,caeruleocephala,Blue-capped Redstart,1231.75,983.575,234.875,2115,1944,177,3346,2630,716,2114.25,0.21398685,0.083687943,0.190683986
Monticola_solitarius,Monticola,solitarius,Blue Rock-Thrush,714.875,386,327.5,2983,523.5,2463.75,4448.2,3491,959.5,3733.325,0.215705229,0.825930272,0.458122049
Aethopyga_siparaja,Aethopyga,siparaja,Crimson Sunbird,326,321,5,656,653.5,1,1565,1214,340.8,1239,0.217763578,0.00152439,0.015337423
Copsychus_saularis,Copsychus,saularis,Oriental Magpie-Robin,272,272,0,638,583,58,1419,1110.9,309.525,1147,0.218128964,0.090909091,0
Zoothera_dauma,Zoothera,dauma,Scaly Thrush,602.25,399.4,216.6,1953,1332,621.5,2929,2277,652,2326.75,0.222601571,0.318228367,0.359651308
Niltava_sundara,Niltava,sundara,Rufous-bellied Niltava,869.75,421,445.575,2318,752,1582.5,2499,1926,573,1629.25,0.229291717,0.682700604,0.512302386
Phylloscopus_maculipennis,Phylloscopus,maculipennis,Ashy-throated Warbler,1336,1161.3,180.8,2417,1917,486,3245.6,2498,749.15,1909.6,0.230820187,0.201075714,0.135329341
Tarsiger_cyanurus,Tarsiger,cyanurus,Himalayan Bluetail,1378.5,1255,126.2,2204,1952,252,3273,2499,774,1894.5,0.236480293,0.114337568,0.091548785
Pericrocotus_ethologus,Pericrocotus,ethologus,Long-tailed Minivet,434.4,328.2,104.65,1945,871,1075.5,2829.5,2160,675.575,2395.1,0.238761265,0.552956298,0.240906998
Aethopyga_saturata,Aethopyga,saturata,Black-throated Sunbird,1240.85,491,742.5,1506,1332,174,2187.8,1664,528,946.95,0.241338331,0.115537849,0.598380143
Turdus_albocinctus,Turdus,albocinctus,White-collared Blackbird,1922,1434,465.6,2761,2173,588,3440.25,2600.15,830.475,1518.25,0.241399608,0.212966317,0.242247659
Monticola_rufiventris,Monticola,rufiventris,Chestnut-bellied Rock-Thrush,1122.9,582.075,534.075,2100,1498,602,2838.1,2154.65,687.35,1715.2,0.242186674,0.286666667,0.475621159
Pnoepyga_albiventer,Pnoepyga,albiventer,Scaly-breasted Cupwing,1090.8,951.95,229.1,1919,1860.5,60,3220,2437.25,782.85,2129.2,0.243121118,0.031266285,0.210029336
Chaimarrornis_leucocephalus,Chaimarrornis,leucocephalus,White-capped Redstart,434,372,62,1757,1237,519,3484,2637.2,847.1,3050,0.243140069,0.295389869,0.142857143
Turdus_rubrocanus,Turdus,rubrocanus,Chestnut Thrush,1074.45,1116,-41.55,1977.5,1884,93.5,3326.5,2499,827.5,2252.05,0.248759958,0.047281922,-0.038670948
Phylloscopus_humei,Phylloscopus,humei,Hume's Warbler,279,272,7,1262.5,602,660.5,2417,1814,603,2138,0.24948283,0.523168317,0.025089606
Corvus_monedula,Corvus,monedula,Eurasian Jackdaw,1579,1579,0,1603,1601.5,2,2696.8,1995.5,685.9,1117.8,0.254338475,0.001247661,0
Phylloscopus_pulcher,Phylloscopus,pulcher,Buff-barred Warbler,1337.5,758,577.05,2067,1890.5,178,3248,2417,832.275,1910.5,0.256242303,0.086115143,0.431439252
Phylloscopus_chloronotus,Phylloscopus,chloronotus,Lemon-rumped Warbler,602,453.575,148.95,1877,1534,362,3100,2297,805.9,2498,0.259967742,0.192860948,0.247425249
Dicrurus_hottentottus,Dicrurus,hottentottus,Hair-crested Drongo,354,317.6,38.15,602,653,-51,1309,964.225,342,955,0.261268144,-0.084717608,0.107768362
Prunella_strophiata,Prunella,strophiata,Rufous-breasted Accentor,1252.725,873.1,366.5,1947.5,1795,157,3504.75,2555.5,932.9,2252.025,0.266181611,0.080616175,0.292562214
Carpodacus_rodochroa,Carpodacus,rodochroa,Pink-browed Rosefinch,1415,1283.2,139,2049,1922,116,3425,2507.25,915,2010,0.267153285,0.056612982,0.098233216
Niltava_macgrigoriae,Niltava,macgrigoriae,Small Niltava,1239.75,388,839.825,2173,1213.5,959.5,2417,1757,660,1177.25,0.273065784,0.441555453,0.677414801
Leucosticte_nemoricola,Leucosticte,nemoricola,Plain Mountain-Finch,1720.05,1581.05,142.25,3671.5,2125,1540,4529,3255.25,1273.75,2808.95,0.2812431,0.419447092,0.082701084
Emberiza_stewarti,Emberiza,stewarti,White-capped Bunting,413.35,422,-1.85,1592,1094,490.5,2934,2107.8,825.8,2520.65,0.281458759,0.308103015,-0.004475626
Phoenicurus_erythrogastrus,Phoenicurus,erythrogastrus,White-winged Redstart,2857,2806.4,50.6,3517,3237,280,5142.425,3668.6,1472.9,2285.425,0.28642129,0.079613307,0.017710886
Acridotheres_ginginianus,Acridotheres,ginginianus,Bank Myna,258.8,245,13,447,368,80,1272.4,905,365.9,1013.6,0.287566803,0.178970917,0.050231839
Phoenicurus_frontalis,Phoenicurus,frontalis,Blue-fronted Redstart,1398,1255,143,2173,2014,153.5,3412.65,2417,995.65,2014.65,0.291752743,0.070639669,0.102288984
Minla_strigula,Minla,strigula,Chestnut-tailed Minla,1542,1316.5,230.6,2417,2011,406,3447,2417,1030,1905,0.29881056,0.167976831,0.149546044
Cettia_brunnifrons,Cettia,brunnifrons,Gray-sided Bush Warbler,852.1,598.7,259.75,2173,1610.5,600,3469.4,2417,1049.8,2617.3,0.302588344,0.276115969,0.304835113
Carpodacus_nipalensis,Carpodacus,nipalensis,Dark-breasted Rosefinch,1821.2,1560.3,252.25,2417,2174,243,3484.2,2417,1067.2,1663,0.306296998,0.100537857,0.138507577
Streptopelia_orientalis,Streptopelia,orientalis,Oriental Turtle-Dove,602,388,214,2173,1184,977,3387,2331.6,1048.175,2785,0.309470032,0.449608836,0.355481728
Rhipidura_aureola,Rhipidura,aureola,White-browed Fantail,363,279.2,77.25,666,567.5,101,1400.6,928.5,455.45,1037.6,0.325182065,0.151651652,0.212809917
Dicrurus_leucophaeus,Dicrurus,leucophaeus,Ashy Drongo,494.05,272,222.05,1943,664,1279,2417,1625,792,1922.95,0.327678941,0.658260422,0.449448436
Chelidorhynx_hypoxantha,Chelidorhynx,hypoxantha,Yellow-bellied Fairy-Fantail,469.8,354,110.425,1366.5,711,647.25,3234.55,2138,1090,2764.75,0.336986598,0.473655324,0.235046828
Passer_domesticus,Passer,domesticus,House Sparrow,272,272,0,1309,1011,290,3540,2336.05,1205.5,3268,0.340536723,0.221543163,0
Sturnus_malabaricus,Sturnus,malabaricus,Chestnut-tailed Starling,354,281.25,72.75,638,638.5,-0.5,1377.675,907.6,470.075,1023.675,0.341208921,-0.000783699,0.205508475
Eudynamys_scolopaceus,Eudynamys,scolopaceus,Asian Koel,272,272,0,616,409,207,1911.4,1256,657,1639.4,0.343727111,0.336038961,0
Streptopelia_decaocto,Streptopelia,decaocto,Eurasian Collared-Dove,272,262,10,664,422,233.5,2417,1581.7,835.3,2145,0.345593711,0.351656627,0.036764706
Prunella_collaris,Prunella,collaris,Alpine Accentor,1847.8,1397.3,448.8,2965,2624,399,5267,3365.15,1861.55,3419.2,0.353436491,0.134569983,0.242883429
Sitta_frontalis,Sitta,frontalis,Velvet-fronted Nuthatch,354,363,-10.8,601,602,-1,2103.1,1332,768,1749.1,0.365175218,-0.001663894,-0.030508475
Phylloscopus_trochiloides,Phylloscopus,trochiloides,Greenish Warbler,272,272,0,851,592,257.5,2783,1767.5,1017.475,2511,0.365603665,0.302585194,0
Saxicola_torquatus,Saxicola,torquatus,Siberian Stonechat,369.8,262,110.275,1681,615.5,1056,3240,2049,1203.65,2870.2,0.371496914,0.628197501,0.298201731
Ficedula_westermanni,Ficedula,westermanni,Little Pied Flycatcher,592.4,352,240.4,1526.5,441,1085.5,2256.5,1412.5,844,1664.1,0.374030578,0.711103832,0.405806887
Tarsiger_chrysaeus,Tarsiger,chrysaeus,Golden Bush-Robin,1248,932,316,2071,1601,496.75,3534.4,2173,1361.4,2286.4,0.385185604,0.239859971,0.253205128
Stigmatopelia_chinensis,Stigmatopelia,chinensis,Spotted Dove,272,272,0,653,602,51,2153.775,1309,840.8,1881.775,0.390384325,0.078101072,0
Lanius_schach,Lanius,schach,Long-tailed Shrike,368,272,96,1582,602,978,3243.4,1958.25,1285.75,2875.4,0.396420423,0.618204804,0.260869565
Seicercus_whistleri,Seicercus,whistleri,Whistler's Warbler,457.275,392.6,67.65,1260.5,602,658.5,3160,1902.3,1260.45,2702.725,0.398876582,0.522411741,0.147941611
Emberiza_cia,Emberiza,cia,Rock Bunting,1366.7,761,599.775,2417,1935,482,4259,2549.2,1719.1,2892.3,0.403639352,0.19942077,0.438849052
Anthus_rufulus,Anthus,rufulus,Paddyfield Pipit,244.65,238.4,4.825,387,348,38,1275.65,767.6,517.075,1031,0.405342374,0.098191214,0.019722052
Pericrocotus_cinnamomeus,Pericrocotus,cinnamomeus,Small Minivet,272,262,7,486,444.5,43,1423,831.5,587.625,1151,0.412947997,0.088477366,0.025735294
Anthus_hodgsoni,Anthus,hodgsoni,Olive-backed Pipit,272,272,0,1586,1061,546.5,3801.5,2173,1628.5,3529.5,0.428383533,0.344577554,0
Ficedula_strophiata,Ficedula,strophiata,Rufous-gorgeted Flycatcher,602,413.8,188.2,2417,678,1648.75,3174.7,1764.2,1403.8,2572.7,0.442183513,0.68214729,0.312624585
Hirundo_rupestris,Hirundo,rupestris,Eurasian Crag-Martin,1864,405.7,1459,3291,1640,1655,4405,2382,2024,2541,0.459477866,0.502886661,0.782725322
Dendrocopos_nanus,Dendrocopos,nanus,Brown-capped Woodpecker,286.8,270.65,21.725,438,438,5,1754.1,954,807.7,1467.3,0.460464056,0.011415525,0.075749651
Culicicapa_ceylonensis,Culicicapa,ceylonensis,Gray-headed Canary-Flycatcher,664,328.4,329.5,2075.5,602,1473.5,2499,1332,1167,1835,0.466986795,0.70994941,0.49623494
Upupa_epops,Upupa,epops,Eurasian Hoopoe,294.625,262,32.125,1595,421,1174,3540,1855.55,1681.85,3245.375,0.47509887,0.736050157,0.109036911
Dicrurus_macrocercus,Dicrurus,macrocercus,Black Drongo,272,262,10,584,409,175,1653.925,861,795.55,1381.925,0.481007301,0.299657534,0.036764706
Ficedula_tricolor,Ficedula,tricolor,Slaty-blue Flycatcher,581.7,372,209.875,1667,764,906.25,3175.2,1640,1538.925,2593.5,0.484670257,0.543641272,0.360795943
Lanius_tephronotus,Lanius,tephronotus,Gray-backed Shrike,583.7,392.3,194.75,2035,1601,434,4317,2170.3,2144,3733.3,0.496641186,0.213267813,0.333647422
Zoothera_cinerea,Zoothera,cinerea,Orange-headed Thrush,386,517.6,-134.3,602,602,0,1365,666,699,979,0.512087912,0,-0.347927461
Phylloscopus_affinis,Phylloscopus,affinis,Tickell's Leaf Warbler,619.15,416.05,213.5,2054,1516,533.5,4502.8,2121.3,2381.2,3883.65,0.528826508,0.259737098,0.344827586
Luscinia_pectoralis,Luscinia,pectoralis,Himalayan Rubythroat,676.9,388.75,284,1633.5,868.75,732,3987.4,1601,2345.225,3310.5,0.588158951,0.448117539,0.419559758
Cyornis_tickelliae,Cyornis,tickelliae,Tickell's Blue Flycatcher,265,245,4.4,678,453.5,236.5,2468,947.4,1511,2203,0.612236629,0.348820059,0.016603774
Dicrurus_remifer,Dicrurus,remifer,Lesser Racket-tailed Drongo,354,352.35,5.85,673.5,477,195.5,2070.75,746,1312.95,1716.75,0.634045636,0.290274684,0.016525424
Ficedula_albicilla,Ficedula,albicilla,Taiga Flycatcher,297.8,307.75,-11.45,441,602,-161,2303.2,861,1461.75,2005.4,0.634660472,-0.365079365,-0.038448623