Tree.name,Species,Median_S_upper,Median_W_upper,Median_diff_upper,Species,Median_S_median,Median_W_median,Median_diff_median,Species,Median_S_lower,Median_W_lower,Median_diff_lower,Summer_range,Diff_ratio_upper,Diff_ratio_median,Diff_ratio_lower
Abroscopus_schisticeps,Black-faced Warbler,2893,2417,476,Black-faced Warbler,2152,2145,12,Black-faced Warbler,1500.2,1332,183.35,1392.8,0.164535085,0.005576208,0.122217038
Acridotheres_fuscus,Jungle Myna,1952,1672.65,276.85,Jungle Myna,827,666,161,Jungle Myna,386.975,272,116,1565.025,0.141828893,0.194679565,0.299760966
Acridotheres_ginginianus,Bank Myna,1302.9,905,377.9,Bank Myna,432.5,368,73,Bank Myna,259.425,245.3,9.5,1043.475,0.290045284,0.168786127,0.036619447
Acridotheres_tristis,Common Myna,2417,2199.05,217.95,Common Myna,1011,892,121,Common Myna,272,272,0,2145,0.090173769,0.119683482,0
Aegithalos_concinnus,Black-throated Tit,2623.55,2417,204.6,Black-throated Tit,2096,2007,91,Black-throated Tit,1346.6,1260.85,81.15,1276.95,0.077985935,0.043416031,0.060262884
Aegithina_tiphia,Common Iora,1010.4,1214,-175.55,Common Iora,388,396,-1,Common Iora,269.9,272.35,-7.3,740.5,-0.173743072,-0.00257732,-0.027047054
Aethopyga_nipalensis,Green-tailed Sunbird,2737.65,2417,321,Green-tailed Sunbird,2417,1504,913,Green-tailed Sunbird,1576.25,736.025,847.525,1161.4,0.117253849,0.377741001,0.537684377
Aethopyga_siparaja,Crimson Sunbird,1565,1276.5,282.55,Crimson Sunbird,664,658,3.75,Crimson Sunbird,326,321,5,1239,0.180543131,0.00564759,0.015337423
Alectoris_chukar,Chukar,4543.75,4211,332.75,Chukar,3540,3373,167,Chukar,1818.975,1844.025,-41.05,2724.775,0.073232462,0.047175141,-0.022567655
Anthracoceros_albirostris,Oriental Pied-Hornbill,829.6,827,29.8,Oriental Pied-Hornbill,484,602,-118,Oriental Pied-Hornbill,268.85,261.85,1.275,560.75,0.035920926,-0.243801653,0.004742421
Anthus_hodgsoni,Olive-backed Pipit,3628,2173.7,1455,Olive-backed Pipit,1794,1309,484,Olive-backed Pipit,272,272,0,3356,0.401047409,0.269788183,0
Anthus_rufulus,Paddyfield Pipit,1286.5,925.475,357.4,Paddyfield Pipit,387.5,342,42,Paddyfield Pipit,245,240.55,7.025,1041.5,0.277808006,0.108387097,0.028673469
Anthus_sylvanus,Upland Pipit,2695.375,2173.55,537.825,Upland Pipit,1913,1913,0,Upland Pipit,1237,845.45,404,1458.375,0.199536243,0,0.326596605
Arborophila_torqueola,Hill Partridge,2893,2499,394,Hill Partridge,2173,2162.5,10.5,Hill Partridge,1501.3,1553.1,-18.425,1391.7,0.136190805,0.004832029,-0.012272697
Athene_brama,Spotted Owlet,827,827,0,Spotted Owlet,388,368,30,Spotted Owlet,272,263.675,8.25,555,0,0.077319588,0.030330882
Carduelis_carduelis,European Goldfinch,3625,3223.8,419.5,European Goldfinch,2417,1613,807,European Goldfinch,1231.25,861,370,2393.75,0.115724138,0.333884981,0.300507614
Carduelis_spinoides,Yellow-breasted Greenfinch,2826,2417,409,Yellow-breasted Greenfinch,2173,1775,397.5,Yellow-breasted Greenfinch,783.55,272,503.05,2042.45,0.14472753,0.182926829,0.642013911
Carpodacus_nipalensis,Dark-breasted Rosefinch,3477,2417,1060,Dark-breasted Rosefinch,2417,2174,243,Dark-breasted Rosefinch,1844.3,1572.9,288.3,1632.7,0.304860512,0.100537857,0.156319471
Carpodacus_rodochroa,Pink-browed Rosefinch,3425,2560.1,849.875,Pink-browed Rosefinch,2093,1962.5,120.75,Pink-browed Rosefinch,1415,1290.1,143.55,2010,0.248138686,0.057692308,0.101448763
Carpodacus_rubicilla,Great Rosefinch,4629.45,4468,169.275,Great Rosefinch,4359.5,3603,725,Great Rosefinch,3222,3166.2,53.825,1407.45,0.036564819,0.166303475,0.016705462
Centropus_sinensis,Greater Coucal,872,827,36.525,Greater Coucal,591,409,182,Greater Coucal,292.75,262,30.75,579.25,0.041886468,0.307952623,0.105038429
Cercomela_fusca,Brown Rock Chat,858,827,31,Brown Rock Chat,584,591,-9,Brown Rock Chat,272,272,0,586,0.036130536,-0.015410959,0
Certhia_himalayana,Bar-tailed Treecreeper,2899.8,2641.5,263.7,Bar-tailed Treecreeper,2053,1862,188.5,Bar-tailed Treecreeper,1332,602,730,1567.8,0.090937306,0.091816853,0.548048048
Cettia_brunnifrons,Gray-sided Bush Warbler,3446,2427.8,1014.925,Gray-sided Bush Warbler,2295,1640,615.5,Gray-sided Bush Warbler,1029.3,602,434.525,2416.7,0.294522635,0.268191721,0.422155834
Cettia_fortipes,Brownish-flanked Bush Warbler,2781.3,2240.5,533.45,Brownish-flanked Bush Warbler,2173,1862,310.5,Brownish-flanked Bush Warbler,1395.45,575,820.75,1385.85,0.191798799,0.142890014,0.588161525
Chaimarrornis_leucocephalus,White-capped Redstart,3438.575,2820.75,635.75,White-capped Redstart,2009,1309,687.25,White-capped Redstart,442,379,67.325,2996.575,0.184887635,0.342085615,0.152319005
Chalcophaps_indica,Asian Emerald Dove,1557.775,1357.8,161.575,Asian Emerald Dove,602,602,0,Asian Emerald Dove,320.6,388,-68.375,1237.175,0.103721654,0,-0.21327199
Chelidorhynx_hypoxantha,Yellow-bellied Fairy-Fantail,3236,2257.1,934,Yellow-bellied Fairy-Fantail,1439.5,791,630,Yellow-bellied Fairy-Fantail,503,365,142.8,2733,0.288627936,0.437651962,0.28389662
Chrysocolaptes_lucidus,Greater Flameback,1419,1388,38,Greater Flameback,654,600,64,Greater Flameback,321.8,303.275,13,1097.2,0.026779422,0.097859327,0.040397763
Chrysomma_sinense,Yellow-eyed Babbler,861,827,31.925,Yellow-eyed Babbler,638,666,-1,Yellow-eyed Babbler,276.55,272,3.8,584.45,0.037078978,-0.001567398,0.013740734
Columba_leuconota,Snow Pigeon,4606.1,4244.35,352.3,Snow Pigeon,3621,2660,961,Snow Pigeon,1662.375,1542.75,156.7,2943.725,0.07648553,0.265396299,0.094262727
Columba_livia,Rock Pigeon,2191.5,2176.9,3.225,Rock Pigeon,650,641,0,Rock Pigeon,272,272,0,1919.5,0.001471595,0,0
Columba_rupestris,Hill Pigeon,4662.575,4236.7,427.3,Hill Pigeon,4183,3540,643,Hill Pigeon,2788,1404.2,1353.5,1874.575,0.091644638,0.153717428,0.485473458
Copsychus_saularis,Oriental Magpie-Robin,1497.925,1259,220.65,Oriental Magpie-Robin,641,580,58,Oriental Magpie-Robin,272,272,0,1225.925,0.14730377,0.090483619,0
Coracias_benghalensis,Indian Roller,612.55,493,105.025,Indian Roller,332,279,54,Indian Roller,245,245,0,367.55,0.171455391,0.162650602,0
Coracina_macei,Large Cuckooshrike,963,925.225,66.6,Large Cuckooshrike,477,488.5,-53.5,Large Cuckooshrike,272,262.55,12.15,691,0.069158879,-0.112159329,0.044669118
Corvus_corax,Common Raven,5170.25,4841.3,359.55,Common Raven,4211,3222,991,Common Raven,1589,398.7,1162.6,3581.25,0.069542092,0.235336025,0.731655129
Corvus_corone,Carrion Crow,3671.25,3755.8,-15.75,Carrion Crow,3240,3237,3,Carrion Crow,2964.45,2759.55,154.3,706.8,-0.004290092,0.000925926,0.052050127
Corvus_macrorhynchos,Large-billed Crow,2893,2642,250.55,Large-billed Crow,1419,1332,89.75,Large-billed Crow,272,272,0,2621,0.0866056,0.063248767,0
Corvus_monedula,Eurasian Jackdaw,2706.4,2075.475,631.075,Eurasian Jackdaw,1606,1602,5,Eurasian Jackdaw,1579,1579,0.05,1127.4,0.233178761,0.003113325,3.17E-05
Corvus_splendens,House Crow,1810,1831,-36,House Crow,580,580,0,House Crow,272,267.775,3.825,1538,-0.019889503,0,0.0140625
Culicicapa_ceylonensis,Gray-headed Canary-Flycatcher,2499,1487,1015.475,Gray-headed Canary-Flycatcher,2076,602,1474,Gray-headed Canary-Flycatcher,744.025,327.6,413.125,1754.975,0.406352541,0.710019268,0.55525688
Dendrocitta_formosae,Gray Treepie,2417,2417,0,Gray Treepie,1498,1329.25,166,Gray Treepie,602,452.75,145.25,1815,0,0.110814419,0.24127907
Dendrocitta_vagabunda,Rufous Treepie,1250,1235.1,11.75,Rufous Treepie,602,591,11,Rufous Treepie,272,272,0,978,0.0094,0.018272425,0
Dendrocopos_auriceps,Brown-fronted Woodpecker,2307.8,2293,4.675,Brown-fronted Woodpecker,1743.5,1777,-18,Brown-fronted Woodpecker,1191.4,1035.9,154.5,1116.4,0.002025739,-0.010324061,0.129679369
Dendrocopos_canicapillus,Gray-capped Woodpecker,1851.35,1757,90.9,Gray-capped Woodpecker,602,602,0,Gray-capped Woodpecker,358.5,354,0,1492.85,0.049099306,0,0
Dendrocopos_himalayensis,Himalayan Woodpecker,2965,2860,105,Himalayan Woodpecker,2215,2105.5,105,Himalayan Woodpecker,1542,1518,17,1423,0.035413153,0.047404063,0.011024643
Dendrocopos_hyperythrus,Rufous-bellied Woodpecker,2893,2487.8,413.1,Rufous-bellied Woodpecker,2201,2173,25,Rufous-bellied Woodpecker,1630,1549.125,80.2,1263,0.142792948,0.011358473,0.049202454
Dendrocopos_macei,Fulvous-breasted Woodpecker,2121.125,1913,228.225,Fulvous-breasted Woodpecker,1053,684.75,349,Fulvous-breasted Woodpecker,354,354,0,1767.125,0.107596205,0.331433998,0
Dendrocopos_nanus,Brown-capped Woodpecker,1556.15,971,638.65,Brown-capped Woodpecker,438,426.5,8,Brown-capped Woodpecker,301.8,270.25,28.4,1254.35,0.410403881,0.01826484,0.094102054
Dicaeum_erythrorhynchos,Pale-billed Flowerpecker,809.8,1011,-204.35,Pale-billed Flowerpecker,664,664,0,Pale-billed Flowerpecker,584,394,142.7,225.8,-0.252346258,0,0.244349315
Dicaeum_ignipectus,Fire-breasted Flowerpecker,2509.8,2105.8,401.1,Fire-breasted Flowerpecker,2174,1386.75,805,Fire-breasted Flowerpecker,1592.15,638,927.3,917.65,0.159813531,0.370285189,0.582419998
Dicrurus_aeneus,Bronzed Drongo,2043.4,1925,86.8,Bronzed Drongo,1365,1332,33,Bronzed Drongo,600.9,433.05,158,1442.5,0.042478223,0.024175824,0.262938925
Dicrurus_hottentottus,Hair-crested Drongo,1309,1118.225,194.8,Hair-crested Drongo,602,653,-51,Hair-crested Drongo,354,313.075,40.325,955,0.14881589,-0.084717608,0.113912429
Dicrurus_leucophaeus,Ashy Drongo,2503,1699.5,798.45,Ashy Drongo,1943,664,1279,Ashy Drongo,584.5,272,312.65,1918.5,0.318997203,0.658260422,0.534901625
Dicrurus_macrocercus,Black Drongo,1717,861,851.35,Black Drongo,580,404,177,Black Drongo,272,262,10,1445,0.49583576,0.305172414,0.036764706
Dinopium_benghalense,Black-rumped Flameback,798.25,679.25,95,Black-rumped Flameback,429,403,28,Black-rumped Flameback,272,271.1,0.6,526.25,0.119010335,0.065268065,0.002205882
Dinopium_shorii,Himalayan Flameback,665.05,666,-8.5,Himalayan Flameback,419,570.5,-135,Himalayan Flameback,334,342.5,-4.65,331.05,-0.012780994,-0.322195704,-0.013922156
Emberiza_cia,Rock Bunting,4259,2637.2,1599.975,Rock Bunting,2550.5,2009.5,538.5,Rock Bunting,1380.35,939.325,424.275,2878.65,0.375669171,0.211135072,0.307367697
Emberiza_stewarti,White-capped Bunting,2934,2178.1,755.7,White-capped Bunting,1718,1250.5,472.5,White-capped Bunting,475.5,431,50.45,2458.5,0.257566462,0.275029104,0.106098843
Enicurus_maculatus,Spotted Forktail,2417,2417,0,Spotted Forktail,2173,1667,506,Spotted Forktail,1250.7,1005.2,243,1166.3,0,0.2328578,0.194291197
Enicurus_scouleri,Little Forktail,3030.425,2788,239.3,Little Forktail,1901,1593,338,Little Forktail,1160.95,932.9,255.5,1869.475,0.078965822,0.177801157,0.220078384
Eudynamys_scolopaceus,Asian Koel,1962.85,1256,711.5,Asian Koel,627,409,207,Asian Koel,272,272,0,1690.85,0.362483124,0.330143541,0
Eumyias_thalassinus,Verditer Flycatcher,2499,2082,417.4,Verditer Flycatcher,1921,630,1288,Verditer Flycatcher,446.5,342.3,116.525,2052.5,0.167026811,0.670484123,0.260974244
Ficedula_albicilla,Taiga Flycatcher,2669.125,861,1520.05,Taiga Flycatcher,441,602,-112.75,Taiga Flycatcher,308.9,309,-1.45,2360.225,0.569493748,-0.255668934,-0.004694076
Ficedula_parva,Red-breasted Flycatcher,1353.45,1333.65,11.55,Red-breasted Flycatcher,580,486,102.75,Red-breasted Flycatcher,272,259,13,1081.45,0.008533747,0.177155172,0.047794118
Ficedula_strophiata,Rufous-gorgeted Flycatcher,3139.2,1781.6,1331.125,Rufous-gorgeted Flycatcher,2784,1033.5,1727,Rufous-gorgeted Flycatcher,605.975,433.9,197.85,2533.225,0.424033193,0.62033046,0.326498618
Ficedula_superciliaris,Ultramarine Flycatcher,2737.15,2086.65,651.625,Ultramarine Flycatcher,2142,953.5,1192.5,Ultramarine Flycatcher,605.6,272,332.025,2131.55,0.238066967,0.556722689,0.548257926
Ficedula_tricolor,Slaty-blue Flycatcher,3165,1649.45,1492.75,Slaty-blue Flycatcher,1768,1011,816.5,Slaty-blue Flycatcher,596.45,373.55,219.075,2568.55,0.47164297,0.461821267,0.367298181
Francolinus_francolinus,Black Francolin,2317.5,2193.175,135.95,Black Francolin,1498,1542,-44,Black Francolin,628,744,-126.1,1689.5,0.058662352,-0.029372497,-0.200796178
Gallus_gallus,Red Junglefowl,1533.1,1594.4,-68.05,Red Junglefowl,449,602,-155,Red Junglefowl,272,281.325,-9.325,1261.1,-0.044387189,-0.345211581,-0.034283088
Garrulax_albogularis,White-throated Laughingthrush,2417,2417,0,White-throated Laughingthrush,2085,2011,74,White-throated Laughingthrush,1327.15,1248,21.6,1089.85,0,0.035491607,0.016275478
Garrulax_erythrocephalus,Chestnut-crowned Laughingthrush,2598,2417,171.45,Chestnut-crowned Laughingthrush,2417,2173,244,Chestnut-crowned Laughingthrush,1628.9,1300,311.45,969.1,0.065993072,0.100951593,0.191202652
Garrulax_leucolophus,White-crested Laughingthrush,1666.6,1719.45,-51.95,White-crested Laughingthrush,1051,1081,-42,White-crested Laughingthrush,381,398.15,-16.6,1285.6,-0.031171247,-0.039961941,-0.043569554
Garrulax_lineatus,Streaked Laughingthrush,2783.25,2844,-60.525,Streaked Laughingthrush,1952,1954,-7,Streaked Laughingthrush,1214.15,1227,-12.575,1569.1,-0.02174616,-0.003586066,-0.01035704
Garrulax_rufogularis,Rufous-chinned Laughingthrush,2025.9,1928.4,88.05,Rufous-chinned Laughingthrush,1332,1365,-33,Rufous-chinned Laughingthrush,725.9,792.9,-48.7,1300,0.043462165,-0.024774775,-0.067089131
Garrulax_striatus,Striated Laughingthrush,2511,2417,94,Striated Laughingthrush,2035,1983,58.75,Striated Laughingthrush,1248,1137.9,102.425,1263,0.037435285,0.028869779,0.082071314
Garrulax_variegatus,Variegated Laughingthrush,3278.3,2918,362.3,Variegated Laughingthrush,2417,2213,236,Variegated Laughingthrush,1679.375,1534,151.95,1598.925,0.110514596,0.097641705,0.090480089
Garrulus_glandarius,Eurasian Jay,2510.25,2417,93.25,Eurasian Jay,2169,2108,58,Eurasian Jay,1630,1408,186.325,880.25,0.037147694,0.026740433,0.114309816
Garrulus_lanceolatus,Black-headed Jay,2417,2417,0,Black-headed Jay,2035,1959,73,Black-headed Jay,1353.45,1332,16.45,1063.55,0,0.035872236,0.012154125
Glaucidium_brodiei,Collared Owlet,2936.2,2664.5,274.8,Collared Owlet,2010,2009,11,Collared Owlet,1332,1215,127.6,1604.2,0.093590355,0.005472637,0.095795796
Glaucidium_radiatum,Jungle Owlet,1419,1365,54,Jungle Owlet,388,388,0,Jungle Owlet,272,254.1,16.8,1147,0.038054968,0,0.061764706
Halcyon_smyrnensis,White-throated Kingfisher,1579,1587,-9.225,White-throated Kingfisher,442.5,403,41.5,White-throated Kingfisher,272,262,10,1307,-0.005842305,0.093785311,0.036764706
Hemipus_picatus,Bar-winged Flycatcher-shrike,1570,1586.8,-24.725,Bar-winged Flycatcher-shrike,616,602,14,Bar-winged Flycatcher-shrike,365.7,353.375,16.275,1204.3,-0.015748408,0.022727273,0.044503692
Hemixos_flavala,Ashy Bulbul,1843.25,1607.6,267.35,Ashy Bulbul,1096,1332,-227,Ashy Bulbul,385.75,384.65,-2.6,1457.5,0.145042723,-0.207116788,-0.006740117
Heterophasia_capistrata,Rufous Sibia,2719,2482.6,239,Rufous Sibia,2173,2009,164,Rufous Sibia,1430.25,1090.8,356.6,1288.75,0.087899963,0.075471698,0.249327041
Hirundo_rupestris,Eurasian Crag-Martin,4405,2753.2,1654.7,Eurasian Crag-Martin,3270,1685.5,1596.25,Eurasian Crag-Martin,1885.35,415.35,1462.3,2519.65,0.375641317,0.488149847,0.775611955
Hypsipetes_leucocephalus,Black Bulbul,2503.2,2417,84.55,Black Bulbul,1818,1366,452,Black Bulbul,629.625,421.55,212,1873.575,0.033776766,0.248624862,0.336708358
Hypsipetes_mcclellandii,Mountain Bulbul,2145,2100.75,48.5,Mountain Bulbul,1383,1502,-102.5,Mountain Bulbul,1248,1106,115.8,897,0.022610723,-0.074114244,0.092788462
Lanius_schach,Long-tailed Shrike,3249.75,2085,1166,Long-tailed Shrike,1599.25,666,936,Long-tailed Shrike,371.1,272,99.125,2878.65,0.358796831,0.585274347,0.267111291
Lanius_tephronotus,Gray-backed Shrike,4146,2130.5,2017.05,Gray-backed Shrike,2035,1588.5,476,Gray-backed Shrike,599,383.5,215.5,3547,0.486505065,0.233906634,0.359766277
Leiothrix_lutea,Red-billed Leiothrix,2042.2,2052.125,-16.05,Red-billed Leiothrix,1332,1365,-33,Red-billed Leiothrix,666,666,-2.975,1376.2,-0.007859171,-0.024774775,-0.004466967
Leucosticte_nemoricola,Plain Mountain-Finch,4529,3560.2,966.95,Plain Mountain-Finch,3626.5,2173,1470.75,Plain Mountain-Finch,1785.1,1588.55,206.525,2743.9,0.213501877,0.405556322,0.115693799
Lonchura_malabarica,Indian Silverbill,646.925,812.875,-160.475,Indian Silverbill,339,321,9,Indian Silverbill,272,269.5,0,374.925,-0.248058121,0.026548673,0
Lonchura_punctulata,Scaly-breasted Munia,1532.35,1552.1,-30.025,Scaly-breasted Munia,601.75,602,-3,Scaly-breasted Munia,272,272,0,1260.35,-0.019594088,-0.004985459,0
Lophophorus_impejanus,Himalayan Monal,3442.5,3259.1,184.525,Himalayan Monal,2864,2704.5,155.5,Himalayan Monal,2018.375,1833.3,70.375,1424.125,0.053602033,0.054294693,0.034867158
Lophura_leucomelanos,Kalij Pheasant,2499,2499,0.575,Kalij Pheasant,1842.5,1746,105.25,Kalij Pheasant,768.675,761,4,1730.325,0.000230092,0.057123474,0.00520376
Luscinia_pectoralis,Himalayan Rubythroat,3983.85,1695.8,2244.6,Himalayan Rubythroat,1637,1084.5,551,Himalayan Rubythroat,762.75,403,346.65,3221.1,0.563424828,0.336591326,0.454473943
Megalaima_asiatica,Blue-throated Barbet,1936,1935.925,11.7,Blue-throated Barbet,1309,1248,61,Blue-throated Barbet,530.875,408.05,122.075,1405.125,0.006043388,0.046600458,0.229950553
Megalaima_haemacephala,Coppersmith Barbet,861.3,1011.5,-145.75,Coppersmith Barbet,586,580,11,Coppersmith Barbet,272,274.675,-2.675,589.3,-0.169220945,0.018771331,-0.009834559
Megalaima_lineata,Lineated Barbet,867,876.05,-6.775,Lineated Barbet,388,438,-44.75,Lineated Barbet,310.6,308.5,-3,556.4,-0.007814302,-0.115335052,-0.009658725
Megalaima_virens,Great Barbet,2499,2417,82,Great Barbet,1913,1795,118,Great Barbet,1035,932,103,1464,0.032813125,0.06168322,0.099516908
Megalaima_zeylanica,Brown-headed Barbet,855.9,827,28.9,Brown-headed Barbet,602,599,3,Brown-headed Barbet,272,272,0,583.9,0.033765627,0.004983389,0
Merops_orientalis,Green Bee-eater,722.625,827,-102.075,Green Bee-eater,372,653,-281,Green Bee-eater,272,298.2,-26.55,450.625,-0.141255838,-0.755376344,-0.097610294
Minla_cyanouroptera,Blue-winged Minla,2150.6,2127.275,16.675,Blue-winged Minla,1365,1365,0,Blue-winged Minla,1113,1144.2,33.425,1037.6,0.00775365,0,0.030031447
Minla_strigula,Chestnut-tailed Minla,3423.75,2417,1006.6,Chestnut-tailed Minla,2511,2017,512,Chestnut-tailed Minla,1564.1,1330.45,253.4,1859.65,0.294005111,0.203902828,0.162010102
Monticola_rufiventris,Chestnut-bellied Rock-Thrush,2893,2176.6,715.55,Chestnut-bellied Rock-Thrush,2149,1516,617,Chestnut-bellied Rock-Thrush,1135.35,643.025,504.775,1757.65,0.247338403,0.287110284,0.444598582
Mycerobas_icterioides,Black-and-yellow Grosbeak,3273,2860,413,Black-and-yellow Grosbeak,2704,2245,425,Black-and-yellow Grosbeak,1864.5,1650.5,211.5,1408.5,0.126183929,0.157174556,0.113435237
Myophonus_caeruleus,Blue Whistling-Thrush,2893,2642,251,Blue Whistling-Thrush,2035,1615,411,Blue Whistling-Thrush,827,388,441,2066,0.086761148,0.201965602,0.533252721
Nectarinia_asiatica,Purple Sunbird,1264.4,1264.65,7.725,Purple Sunbird,599,409,190,Purple Sunbird,272,268,4,992.4,0.006109617,0.317195326,0.014705882
Niltava_macgrigoriae,Small Niltava,2417,1757,660,Small Niltava,2173,1293.5,849,Small Niltava,1248,397,841.275,1169,0.273065784,0.390704096,0.674098558
Niltava_sundara,Rufous-bellied Niltava,2568.75,2048.4,523.15,Rufous-bellied Niltava,2382.5,1012.5,1373,Rufous-bellied Niltava,1045.525,430.75,615.3,1523.225,0.203659367,0.576285414,0.588508166
Nucifraga_caryocatactes,Eurasian Nutcracker,3154.35,3051.5,115.675,Eurasian Nutcracker,2510,2497,11.5,Eurasian Nutcracker,1667,1862,-199.2,1487.35,0.036671581,0.004581673,-0.119496101
Nyctyornis_athertoni,Blue-bearded Bee-eater,1023.45,1407.9,-355.6,Blue-bearded Bee-eater,517.5,540,-9.5,Blue-bearded Bee-eater,272,291.3,-18.45,751.45,-0.347452245,-0.018357488,-0.067830882
Ocyceros_birostris,Indian Gray Hornbill,1011,1082.6,-122.425,Indian Gray Hornbill,602,602,0,Indian Gray Hornbill,272,272,0,739,-0.121092977,0,0
Oriolus_traillii,Maroon Oriole,2417,2417,0,Maroon Oriole,1974,1332,646,Maroon Oriole,614.35,377.875,244.175,1802.65,0,0.327254306,0.397452592
Oriolus_xanthornus,Black-hooded Oriole,705.725,666,43.85,Black-hooded Oriole,388,448.5,-55,Black-hooded Oriole,272,272,0,433.725,0.062134684,-0.141752577,0
Orthotomus_sutorius,Common Tailorbird,1164,1249.4,-84,Common Tailorbird,602,602,0,Common Tailorbird,272,272,0,892,-0.072164948,0,0
Otus_spilocephalus,Mountain Scops-Owl,2417,2417,0,Mountain Scops-Owl,1946,2108,-165,Mountain Scops-Owl,1413,1443.7,-32.05,1004,0,-0.084789311,-0.022682236
Parus_ater,Coal Tit,3157.4,2933.8,224.65,Coal Tit,2510,2200,302,Coal Tit,1415,1374.725,62.45,1742.4,0.071150314,0.120318725,0.044134276
Parus_major,Cinereous Tit,3487,3244.45,235.2,Cinereous Tit,1309,1109,203,Cinereous Tit,388,372,16,3099,0.067450531,0.155080214,0.041237113
Parus_monticolus,Green-backed Tit,2627,2545.15,80.95,Green-backed Tit,2173,2044,127,Green-backed Tit,1365,1278.8,91.15,1262,0.030814617,0.058444547,0.066776557
Parus_rufonuchalis,Rufous-naped Tit,3199.1,3341.6,-112.8,Rufous-naped Tit,2677,2635,35,Rufous-naped Tit,1681.7,1656.2,25.9,1517.4,-0.035259917,0.013074337,0.015401082
Parus_xanthogenys,Himalayan Black-lored Tit,2318,2153,156.1,Himalayan Black-lored Tit,1542,1542,-14,Himalayan Black-lored Tit,871.5,784.9,88,1446.5,0.067342537,-0.009079118,0.10097533
Passer_domesticus,House Sparrow,3577,2434.5,1143.025,House Sparrow,1393,1256,139,House Sparrow,272,272,0,3305,0.319548504,0.099784637,0
Passer_montanus,Eurasian Tree Sparrow,1946,1769,121.7,Eurasian Tree Sparrow,943.5,923,25.75,Eurasian Tree Sparrow,769.55,904.475,-0.55,1176.45,0.062538541,0.027291998,-0.000714703
Passer_rutilans,Russet Sparrow,2677,2417,260,Russet Sparrow,1862,1804,58.25,Russet Sparrow,1110,1025,89,1567,0.097123646,0.031283566,0.08018018
Pavo_cristatus,Indian Peafowl,1413,1293.125,71.9,Indian Peafowl,386,388,-2,Indian Peafowl,272,254.9,17.1,1141,0.050884643,-0.005181347,0.062867647
Pellorneum_ruficeps,Puff-throated Babbler,1122.1,1255,-84.95,Puff-throated Babbler,602,602,0,Puff-throated Babbler,354,422,-75.9,768.1,-0.075706265,0,-0.21440678
Pericrocotus_cinnamomeus,Small Minivet,1448.6,987.05,432.3,Small Minivet,485,440,36.25,Small Minivet,272,263.7,5.325,1176.6,0.298426067,0.074742268,0.019577206
Pericrocotus_ethologus,Long-tailed Minivet,2893,2173,720,Long-tailed Minivet,2011,1053,969.75,Long-tailed Minivet,478.575,332.875,133.75,2414.425,0.248876599,0.482222775,0.279475526
Pericrocotus_flammeus,Scarlet Minivet,2275,2067.45,221.25,Scarlet Minivet,1407.5,666,737.5,Scarlet Minivet,382.8,354,35.7,1892.2,0.097252747,0.523978686,0.093260188
Phoenicurus_caeruleocephala,Blue-capped Redstart,3257,2697,558.95,Blue-capped Redstart,2458,1952,501.5,Blue-capped Redstart,1254.5,1052.175,209.475,2002.5,0.171614983,0.204027665,0.166978876
Phoenicurus_erythrogastrus,White-winged Redstart,5130.45,3666.25,1448.7,White-winged Redstart,3455.5,3237,216.5,White-winged Redstart,2703.4,2799.35,-90.85,2427.05,0.282372891,0.06265374,-0.03360583
Phoenicurus_frontalis,Blue-fronted Redstart,3353.5,2417,936.5,Blue-fronted Redstart,2173.5,2029,163,Blue-fronted Redstart,1383,1255,128.575,1970.5,0.279260474,0.074994249,0.092968185
Phylloscopus_affinis,Tickell's Leaf Warbler,4514,2104.4,2409.6,Tickell's Leaf Warbler,1990.5,1452,538.5,Tickell's Leaf Warbler,691.55,421.45,270.1,3822.45,0.533805937,0.270535041,0.390571904
Phylloscopus_chloronotus,Lemon-rumped Warbler,3105.55,2499,620.925,Lemon-rumped Warbler,1972,1573,399,Lemon-rumped Warbler,608.2,532.2,111.975,2497.35,0.199940429,0.202332657,0.184108846
Phylloscopus_humei,Hume's Warbler,2544.225,1971.9,590.775,Hume's Warbler,1419,602,817,Hume's Warbler,280,272,8,2264.225,0.232202341,0.575757576,0.028571429
Phylloscopus_maculipennis,Ashy-throated Warbler,3236,2510,726,Ashy-throated Warbler,2417,1952,475.25,Ashy-throated Warbler,1345.05,1191.7,166.775,1890.95,0.224351051,0.196628051,0.123991673
Phylloscopus_pulcher,Buff-barred Warbler,3236.5,2417,815.575,Buff-barred Warbler,2100,1936.5,178.75,Buff-barred Warbler,1342,975.5,371.55,1894.5,0.251992894,0.085119048,0.276862891
Phylloscopus_trochiloides,Greenish Warbler,2893,1900.8,1023.6,Greenish Warbler,861,591,272,Greenish Warbler,272,272,0,2621,0.353819564,0.315911731,0
Phylloscopus_xanthoschistos,Gray-hooded Warbler,2476.6,2417,61.2,Gray-hooded Warbler,1943,1419,524.5,Gray-hooded Warbler,896.475,404.8,483.775,1580.125,0.024711298,0.269943387,0.539641373
Pica_pica,Eurasian Magpie,4211,4199.3,6.5,Eurasian Magpie,3280,3263,16.75,Eurasian Magpie,2629,3077.95,-459.8,1582,0.001543576,0.005106707,-0.174895397
Picumnus_innominatus,Speckled Piculet,2386,2224,134.1,Speckled Piculet,1360,1357,1.5,Speckled Piculet,602,602,0,1784,0.05620285,0.001102941,0
Picus_canus,Gray-headed Woodpecker,2417,2417,0,Gray-headed Woodpecker,1542,1506,39.5,Gray-headed Woodpecker,457.575,558.3,-98,1959.425,0,0.025616083,-0.21417254
Picus_chlorolophus,Lesser Yellownape,2050,1914.325,125.525,Lesser Yellownape,1332,1280,47,Lesser Yellownape,386,403,-10.15,1664,0.061231707,0.035285285,-0.026295337
Picus_flavinucha,Greater Yellownape,2100,2034.2,81.425,Greater Yellownape,1365,1365,0,Greater Yellownape,386,430.45,-40.25,1714,0.03877381,0,-0.104274611
Picus_squamatus,Scaly-bellied Woodpecker,2861.5,2720.4,131.75,Scaly-bellied Woodpecker,2071.25,1913,146.5,Scaly-bellied Woodpecker,1246.9,1164,73,1614.6,0.046042286,0.070730235,0.058545192
Ploceus_philippinus,Baya Weaver,827,827,0,Baya Weaver,602,602,0,Baya Weaver,272,262.075,9.1,555,0,0,0.033455882
Pnoepyga_albiventer,Scaly-breasted Cupwing,3217.5,2548,670.6,Scaly-breasted Cupwing,1980.5,1862,145,Scaly-breasted Cupwing,1265,1064.2,199.6,1952.5,0.208422688,0.073213835,0.157786561
Pomatorhinus_erythrogenys,Rusty-cheeked Scimitar-Babbler,2417,2417,0,Rusty-cheeked Scimitar-Babbler,1419,1498,-64,Rusty-cheeked Scimitar-Babbler,591,602,-1.1,1826,0,-0.045102185,-0.001861252
Pomatorhinus_ruficollis,Streak-breasted Scimitar-Babbler,2417,2417,0,Streak-breasted Scimitar-Babbler,2417,2417,0,Streak-breasted Scimitar-Babbler,1945.7,1616,339.2,471.3,0,0,0.174333145
Prinia_crinigera,Striated Prinia,2337,2175.2,190.9,Striated Prinia,1752,1542,206,Striated Prinia,953.925,861,70.6,1383.075,0.081685922,0.117579909,0.074010011
Prinia_hodgsonii,Gray-breasted Prinia,1498,1556,-58,Gray-breasted Prinia,666,664,9.5,Gray-breasted Prinia,272,272,0,1226,-0.038718291,0.014264264,0
Prinia_inornata,Plain Prinia,1577.7,1199.75,377.25,Plain Prinia,522,434.5,91,Plain Prinia,272,263,9.1,1305.7,0.2391139,0.174329502,0.033455882
Prinia_socialis,Ashy Prinia,1011,1194,-193.7,Ashy Prinia,428.5,591,-157,Ashy Prinia,272,272,0,739,-0.191592483,-0.366394399,0
Prunella_rubeculoides,Robin Accentor,5267,4211,1056,Robin Accentor,4187,3619,585.5,Robin Accentor,3303.5,2782.8,524.225,1963.5,0.20049364,0.139837593,0.158687755
Prunella_strophiata,Rufous-breasted Accentor,3458.25,2784,682,Rufous-breasted Accentor,2029,1798.5,209.25,Rufous-breasted Accentor,1298.4,1074.35,231.7,2159.85,0.197209571,0.103129621,0.1784504
Psittacula_alexandri,Red-breasted Parakeet,658,665.15,-0.2,Red-breasted Parakeet,434,442,-23,Red-breasted Parakeet,354,354,2.4,304,-0.000303951,-0.052995392,0.006779661
Psittacula_cyanocephala,Plum-headed Parakeet,1674,1428.3,243.4,Plum-headed Parakeet,666,602,64,Plum-headed Parakeet,272,272,0,1402,0.145400239,0.096096096,0
Psittacula_himalayana,Slaty-headed Parakeet,2417,2182.1,234.5,Slaty-headed Parakeet,1630,1419,201.5,Slaty-headed Parakeet,562.325,591,-8.75,1854.675,0.097021101,0.123619632,-0.015560397
Psittacula_krameri,Rose-ringed Parakeet,1327.625,1475.65,-131.45,Rose-ringed Parakeet,602,602,0,Rose-ringed Parakeet,272,272,0,1055.625,-0.099011393,0,0
Pteruthius_flaviscapis,Himalayan Shrike-Babbler,2603.6,2430.95,168.6,Himalayan Shrike-Babbler,2092,2010,75.5,Himalayan Shrike-Babbler,1402.5,1084.05,320.725,1201.1,0.064756491,0.036089866,0.228680927
Pteruthius_xanthochlorus,Green Shrike-Babbler,2645,2504.5,140.225,Green Shrike-Babbler,2417,2368.75,48.25,Green Shrike-Babbler,1844,1813.075,-29.45,801,0.053015123,0.019962764,-0.015970716
Pucrasia_macrolopha,Koklass Pheasant,3231.4,3236,8.55,Koklass Pheasant,2548,2373,182.5,Koklass Pheasant,1667,1722.55,-43.75,1564.4,0.002645912,0.071624804,-0.026244751
Pycnonotus_cafer,Red-vented Bulbul,2173,2034.7,138,Red-vented Bulbul,653,653,0,Red-vented Bulbul,272,272,0,1901,0.063506673,0,0
Pycnonotus_jocosus,Red-whiskered Bulbul,781.2,814.4,-18.25,Red-whiskered Bulbul,409,409,0,Red-whiskered Bulbul,272,262.9,8.15,509.2,-0.023361495,0,0.029963235
Pycnonotus_leucogenys,Himalayan Bulbul,2417,2293,124,Himalayan Bulbul,1383,1269.75,113,Himalayan Bulbul,434,388,46,1983,0.051303269,0.081706435,0.105990783
Pycnonotus_melanicterus,Black-crested Bulbul,1099,1290,-159.9,Black-crested Bulbul,442,410,15.5,Black-crested Bulbul,323.35,374.375,-50.05,775.65,-0.145495905,0.035067873,-0.154785836
Pyrrhocorax_graculus,Yellow-billed Chough,5092,4211,881,Yellow-billed Chough,4162,3358,804,Yellow-billed Chough,2704,2544.1,161.05,2388,0.173016496,0.193176358,0.059559911
Pyrrhocorax_pyrrhocorax,Red-billed Chough,4632,4211,421,Red-billed Chough,3540,3263,277,Red-billed Chough,2746.6,2551.75,198.975,1885.4,0.090889465,0.078248588,0.072444113
Pyrrhula_erythrocephala,Red-headed Bullfinch,3106.4,2959.6,181.05,Red-headed Bullfinch,1942,1970.5,23.5,Red-headed Bullfinch,1392,1360.3,46.4,1714.4,0.0582829,0.012100927,0.033333333
Rhipidura_albicollis,White-throated Fantail,1656.175,1556,96,White-throated Fantail,844,638,216,White-throated Fantail,565.075,284,286,1091.1,0.057964889,0.255924171,0.506127505
Rhipidura_aureola,White-browed Fantail,1149,1258.35,-109.35,White-browed Fantail,666,488.5,177.5,White-browed Fantail,336.6,320.3,16.3,812.4,-0.095169713,0.266516517,0.048425431
Rhyacornis_fuliginosa,Plumbeous Redstart,2978.85,2646.5,330.275,Plumbeous Redstart,1842,1143,689,Plumbeous Redstart,646.3,363,281.5,2332.55,0.110873324,0.374049946,0.435556243
Saxicola_caprata,Pied Bushchat,1757,1498,234.325,Pied Bushchat,827,368,459,Pied Bushchat,272,245,27,1485,0.133366534,0.555018138,0.099264706
Saxicola_ferreus,Gray Bushchat,2633.6,2173,462.4,Gray Bushchat,1890,863,1023,Gray Bushchat,674.875,326,345,1958.725,0.175577157,0.541269841,0.511205779
Saxicola_torquatus,Siberian Stonechat,3249.2,2061.8,1198.2,Siberian Stonechat,1695,817.75,875,Siberian Stonechat,388,262,127.9,2861.2,0.368767697,0.516224189,0.329639175
Saxicoloides_fulicatus,Indian Robin,1384,1352,43.325,Indian Robin,682,600,86,Indian Robin,272,272,0,1112,0.031304191,0.126099707,0
Seicercus_whistleri,Whistler's Warbler,3192.35,2006,1192.325,Whistler's Warbler,1388,602,786,Whistler's Warbler,473.9,394.8,77.275,2718.45,0.373494448,0.566282421,0.163061827
Serinus_pusillus,Fire-fronted Serin,4445.65,4020.4,444.45,Fire-fronted Serin,3307,2638.5,699,Fire-fronted Serin,1677.875,1404.3,280.5,2767.775,0.099974132,0.211369822,0.167175743
Sitta_castanea,Chestnut-bellied Nuthatch,2076.9,2038.2,44.725,Chestnut-bellied Nuthatch,1210,1015,164.25,Chestnut-bellied Nuthatch,373.5,363,9,1703.4,0.021534499,0.135743802,0.024096386
Sitta_frontalis,Velvet-fronted Nuthatch,2196.6,1358.4,844.7,Velvet-fronted Nuthatch,600,602,-2,Velvet-fronted Nuthatch,354,363,-13.625,1842.6,0.384548848,-0.003333333,-0.038488701
Sitta_himalayensis,White-tailed Nuthatch,2839.45,2569,270.45,White-tailed Nuthatch,2135.5,2100,35.5,White-tailed Nuthatch,1406.75,1364.175,54,1432.7,0.095247319,0.016623742,0.038386352
Stachyris_pyrrhops,Black-chinned Babbler,2417,2183.05,233.95,Black-chinned Babbler,1073,1254,-181.5,Black-chinned Babbler,386,466.75,-80.425,2031,0.096793546,-0.169151911,-0.208354922
Stigmatopelia_chinensis,Spotted Dove,2173,1435.5,729.4,Spotted Dove,653,602,51,Spotted Dove,272,272,0,1901,0.335664979,0.078101072,0
Stigmatopelia_senegalensis,Laughing Dove,1048.8,1010.925,24.2,Laughing Dove,580,562,18,Laughing Dove,321,282.9,36.475,727.8,0.023073989,0.031034483,0.113629283
Streptopelia_decaocto,Eurasian Collared-Dove,2417,1620.8,795.85,Eurasian Collared-Dove,1064,421.25,640.5,Eurasian Collared-Dove,272,262,10,2145,0.329271825,0.601973684,0.036764706
Streptopelia_orientalis,Oriental Turtle-Dove,3421.35,2417,1007.7,Oriental Turtle-Dove,2173,1332,841,Oriental Turtle-Dove,602,388,214,2819.35,0.29453286,0.387022549,0.355481728
Sturnus_contra,Asian Pied Starling,827,827,0,Asian Pied Starling,368,388,-18,Asian Pied Starling,272,264.4,6.75,555,0,-0.048913043,0.024816176
Sturnus_pagodarum,Brahminy Starling,1055.7,827,228.7,Brahminy Starling,638,580,58,Brahminy Starling,272,272,0,783.7,0.216633513,0.090909091,0
Sylviparus_modestus,Yellow-browed Tit,3073.4,2893,180.4,Yellow-browed Tit,2362.75,2142,211,Yellow-browed Tit,1546.35,1373.1,165.5,1527.05,0.058697208,0.089302719,0.107026223
Tarsiger_chrysaeus,Golden Bush-Robin,3493.425,2173,1331.875,Golden Bush-Robin,2146,1582.5,565.5,Golden Bush-Robin,1248,999,257.05,2245.425,0.381251923,0.263513514,0.205969551
Tarsiger_cyanurus,Himalayan Bluetail,3288,2499,789,Himalayan Bluetail,2351,1964,378,Himalayan Bluetail,1380.775,1255,127.125,1907.225,0.239963504,0.160782646,0.09206786
Tephrodornis_pondicerianus,Common Woodshrike,1055.85,1053.75,0,Common Woodshrike,397.25,441,-49,Common Woodshrike,272.95,272,6.125,782.9,0,-0.123348018,0.022440007
Tesia_castaneocoronata,Chestnut-headed Tesia,2965,2417,548,Chestnut-headed Tesia,2159.5,1542,616,Chestnut-headed Tesia,791.775,627,166.675,2173.225,0.184822934,0.285251216,0.210508036
Tichodroma_muraria,Wallcreeper,4072.2,3618.575,417.1,Wallcreeper,1565,1453,41,Wallcreeper,385.475,368,19.175,3686.725,0.102426207,0.026198083,0.049743823
Troglodytes_troglodytes,Eurasian Wren,3890.1,3491.8,397.1,Eurasian Wren,2787,2844,-56,Eurasian Wren,1789,1600.1,178.325,2101.1,0.102079638,-0.02009329,0.099678591
Turdoides_caudata,Common Babbler,1010,949.1,53.425,Common Babbler,599,602,-3,Common Babbler,272,272,0,738,0.05289604,-0.005008347,0
Turdoides_striata,Jungle Babbler,1498,1554.075,-58,Jungle Babbler,638,638,1,Jungle Babbler,272,272,0,1226,-0.038718291,0.001567398,0
Turdus_albocinctus,White-collared Blackbird,3392.725,2649.5,743.4,White-collared Blackbird,2784,2173,611,White-collared Blackbird,1950.6,1466.6,473.5,1442.125,0.219115902,0.219468391,0.242745822
Turdus_boulboul,Gray-winged Blackbird,2578,2417,164.15,Gray-winged Blackbird,2035,1641,393.25,Gray-winged Blackbird,894.675,442.4,442.85,1683.325,0.06367339,0.193243243,0.494984212
Turdus_viscivorus,Mistle Thrush,3176.5,2844,332.5,Mistle Thrush,2434,2630,-196,Mistle Thrush,1626.8,1705,-51.95,1549.7,0.104674957,-0.080525883,-0.031933858
Upupa_epops,Eurasian Hoopoe,3570.075,2088.45,1507.05,Eurasian Hoopoe,1630,421,1205.5,Eurasian Hoopoe,318.5,262.4,51.95,3251.575,0.422133989,0.739570552,0.16310832
Urocissa_erythrorhyncha,Red-billed Blue-Magpie,2219.2,2187.5,35.275,Red-billed Blue-Magpie,1498,1573,-75.5,Red-billed Blue-Magpie,666,678,-3.55,1553.2,0.015895368,-0.050400534,-0.00533033
Urocissa_flavirostris,Yellow-billed Blue-Magpie,2578,2499,79,Yellow-billed Blue-Magpie,2158,1862,301.25,Yellow-billed Blue-Magpie,1155.575,1025,145.4,1422.425,0.03064391,0.139596849,0.125824806
Vanellus_indicus,Red-wattled Lapwing,1317.625,1332,-27.5,Red-wattled Lapwing,409,388,21,Red-wattled Lapwing,272,263.375,8.625,1045.625,-0.020870885,0.051344743,0.031709559
Yuhina_flavicollis,Whiskered Yuhina,2547.7,2515.7,28.625,Whiskered Yuhina,2174,1863,311,Whiskered Yuhina,1562.975,771,772.725,984.725,0.011235624,0.143054278,0.494393704
Zoothera_cinerea,Orange-headed Thrush,1365,666,699,Orange-headed Thrush,609,602,7,Orange-headed Thrush,381.6,518.9,-154.6,983.4,0.512087912,0.011494253,-0.405136268
Zoothera_monticola,Long-billed Thrush,2634,2430.3,208.95,Long-billed Thrush,2417,2173,244,Long-billed Thrush,1631.4,497.775,1121.7,1002.6,0.079328018,0.100951593,0.687568959
Zosterops_palpebrosus,Indian White-eye,2173,2095,78,Indian White-eye,677,664,13,Indian White-eye,272,272,0,1901,0.035895076,0.019202363,0